query_id,ndcg_10,query_text,num_relevant,num_retrieved_relevant,length,has_numbers,has_comparison,needs_calculation,mentions_table,has_temporal,query_type
q8112818c,0.10633668103022985,What is the sum of the Cost of sales in the years where Net sales is greater than 1000? (in million),7,1,21,True,True,True,False,True,Aggregation (Sum/Total)
q8115b172,0.0,what is the pre-tax aggregate net unrealized loss in 2008?,3,0,10,True,False,False,False,False,Other/Factual
q81190e80,0.0,"What's the sum of Debt maturities of Thereafter, and Capital lease obligations of Less than 1 year ?",4,0,18,True,True,True,False,True,Aggregation (Sum/Total)
q811c3614,0.0,what was the percentage change in the allowance for loan losses from 2008 to 2009?,1,0,15,True,False,True,False,True,Percentage/Ratio
q811d0d0a,0.0,What is the growing rate of Net credit losses in the year with the most Provision for benefits and claims?,3,0,20,False,True,True,True,True,Extremum (Max/Min)
q811e915c,0.0,"In the year with the most other revenues , what is the growth rate of General and administrative expense? (in million)",2,0,21,False,True,True,True,True,Change/Growth
q811fbd20,0.0,"as of february 19 , 2016 what was the market capitalization",4,0,11,True,False,False,False,False,Other/Factual
q81232230,0.0,what was the percentage change in cash from operations between 2008 and 2009?,3,0,13,True,False,True,False,True,Percentage/Ratio
q81243044,0.0,What was the average of the Total operating revenues in the year where Other investment income/(losses) is positive? (in million),4,0,20,False,False,True,False,True,Aggregation (Sum/Total)
q8125caf8,0.0,what was the average operating leases 2014rental expense for operating leases from 2009 to 2011,6,0,15,True,False,True,False,True,Aggregation (Average)
q81284e90,0.0,How long does Net interest revenue (including dividends) keep growing?,1,0,10,False,False,True,True,False,Other/Factual
q812de33c,0.0,Does TRICARE subtotal keeps increasing each year between 2003 and 2004 ?,7,0,12,True,False,True,False,True,Aggregation (Sum/Total)
q813a3eca,0.6366824387328317,"What is the sum of CET1 capital, Tier 1 capital and Total capital in 2017? (in million)",4,2,17,True,False,True,False,True,Aggregation (Sum/Total)
q813b8c26,0.3932591258696538,What's the sum of the Unit redemptions in the years where Mortgages Payable for Carrying Amounts is positive?,7,2,18,False,False,True,False,True,Aggregation (Sum/Total)
q813e06ae,0.24738635904833417,by what percentage did the aeco natural gas sales index decline from 2011 to 2013?,6,2,15,True,False,True,False,True,Percentage/Ratio
q8144794e,0.0,"In the year with lowest amount of Distribution fees, what's the increasing rate of Net investment income? (in %)",6,0,19,False,True,True,False,True,Percentage/Ratio
q8145201a,0.6131471927654584,"what's the total amount of No surrender charge of 2010 Individual Fixed Annuities, Change in cash of 2008, and Total reserves of 2010 Individual Variable Annuities ?",2,1,27,True,False,True,False,True,Aggregation (Sum/Total)
q814a38fc,0.46927872602275644,How many elements for Issued of Common Stock show negative value in 2004?,3,1,13,True,False,False,True,True,Other/Factual
q815113e8,0.38288074056866384,What was the total amount of elements for RevPAR excluding those elements greater than 150 in 2016 ?,6,3,18,True,True,True,False,True,Aggregation (Sum/Total)
q8157d8d6,0.0,What was the total amount of Volume – Units excluding those Volume – Units greater than 1000 inEMEA Latin America,6,0,20,True,True,True,False,True,Aggregation (Sum/Total)
q815893ca,0.24630238874073,what was the percentage change in the the fair value of our foreign currency forward contracts from 2008 to 2009,4,1,20,True,False,True,True,True,Percentage/Ratio
q815b4e3a,0.0,What's the increasing rate of Secured debt in 2006 Ended December 31?,3,0,12,True,False,True,False,False,Other/Factual
q815c4f74,0.13012668333070054,"when pnc redeemed all shares of the series m preferred stock from the trust on december 10 , 2012 , what was the total cash cost of the redemption?",4,1,29,True,False,True,False,True,Aggregation (Sum/Total)
q815e5a4e,0.46927872602275644,Does the average value of Loans and leases in 2014 greater than that in 2013,3,1,15,True,True,True,True,False,Aggregation (Average)
q81673f24,0.3543334123470583,"What's the sum of Construction Payable of Estimated Fair Value, and Net sales of 2013 ?",7,2,16,True,False,True,True,False,Aggregation (Sum/Total)
q816dc54c,0.5413996682199069,"In the year with lowest amount of Total marketing, promotion, rewards and Card Member services and other, what's the increasing rate of Card Member rewards in 2014?",4,2,27,True,True,True,False,True,Aggregation (Sum/Total)
q81719e24,0.0,What is the sum of Net credit losses in 2009 and Gains on sales of real estate and other in 2006? (in million),3,0,23,True,False,True,False,False,Aggregation (Sum/Total)
q817a53d4,0.13905617951077562,"In the year with largest amount of Office Net Charge-offs in table 3, what's the increasing rate of Office Net Charge-offs in table 3?",4,1,24,True,True,True,True,True,Conditional/Multi-hop
q817d44ae,0.4599715079731103,"What's the sum of Unvested at December 31, 2018 of Shares, and Adjusted balance, beginning of period of Benefit plans ?",5,2,21,True,False,True,False,True,Aggregation (Sum/Total)
q8184fb22,0.0,what was the average share price that the shares were repurchased in 2011?,4,0,13,True,False,True,False,False,Aggregation (Average)
q8185ca48,0.3903800499921017,What's the average of the Fuel for Amount in the years where Wheelabrator is positive?,4,1,15,False,False,True,False,True,Aggregation (Average)
q818bcaa6,0.0,What will Investment securities be like in 2013 if it develops with the same increasing rate as current? (in million),4,0,20,True,False,True,False,False,Other/Factual
q818fa568,0.0,What was the total amount of the Additions to customer relationship and acquisition costs in the sections where Cash Flows from Operating Activities greater than 0?,3,0,26,True,True,True,False,True,Aggregation (Sum/Total)
q8190fe5e,0.0,What will Net revenues reach in 2009 if it continues to grow at its current rate? (in thousands),3,0,18,True,False,True,True,True,Other/Factual
q8193210c,0.16958010263680806,what was the percentage change in net cash provided by operating activities from 2016 to 2017?,5,1,16,True,False,True,False,True,Percentage/Ratio
q8194e6b8,0.46927872602275644,what is the percentage increase from 2008 customer satisfaction index to the 2010 customer satisfaction index?,3,1,16,True,True,True,False,True,Percentage/Ratio
q8196f2c8,0.20210734650054757,what is the growth rate in net reserves in 2006?,3,1,10,True,False,True,True,False,Change/Growth
q8198bd92,0.0,What's the growth rate of Net income of the Fourth Quarter in 2016?,3,0,13,True,False,True,True,True,Change/Growth
q819acb82,0.10893649261775588,What is the ratio of Commercial – domestic to the total in 2009?,8,1,13,True,False,True,False,True,Aggregation (Sum/Total)
q81a371f6,0.0,What's the average of the Attritional for Current Year in the years where International is positive? (in million),3,0,18,False,False,True,False,True,Aggregation (Average)
q81a42bd2,0.3903800499921017,What is the growing rate of Earnings (loss) before taxes in Total in the years with the least Federal/foreign in Total?,4,1,21,False,True,True,True,True,Aggregation (Sum/Total)
q81a5d414,0.0,"What is the sum of Gross written premiums, Net written premiums and Premiums earned in 2013? (in million)",4,0,18,True,False,True,False,False,Aggregation (Sum/Total)
q81ac2d50,0.2960819109658652,The total amount of which section ranks first for Derivative liabilities -2? (in million),3,1,14,True,False,True,False,True,Aggregation (Sum/Total)
q81b04e76,0.0,how much did the company 2019s valuation allowance decrease from 2011 to 2012?,4,0,13,True,True,False,False,True,Change/Growth
q81baf628,0.0,"In the year with largest amount of advertising, what's the increasing rate of total revenues? (in %)",4,0,17,False,True,True,False,True,Aggregation (Sum/Total)
q81c45934,0.09109240322345806,"the specific reserves in the alll as of december 31 , 2012 were what percent of the tdr portfolio?",6,1,19,True,False,False,False,False,Percentage/Ratio
q81c5a8c0,0.0,"In the year with largest amount of U.S. Government and agency obligations, what's the sum of Qualified Plans for U.S. plans for Pension plans? (in million)",4,0,26,False,True,True,False,True,Aggregation (Sum/Total)
q81cb3060,0.3391602052736161,When does Projected benefit obligation at beginning of year f Con Edison reach the largest value?,5,1,16,False,True,False,True,True,Conditional/Multi-hop
q81d04c30,0.0,What is the growing rate of Amplifiers/Radio frequency in table 0 in the year with the most Converters in table 0?,5,0,21,True,True,True,True,True,Extremum (Max/Min)
q81d3a056,0.0,"If Americas develops with the same growth rate in 2004, what will it reach in 2005? (in million)",1,0,18,True,False,True,True,False,Change/Growth
q81d4df20,0.30260241349881345,"what percentage of the company's receivable balances in puerto rico as of december 31 , 2017 was past due?",6,1,19,True,False,True,False,True,Percentage/Ratio
q81dd8de6,0.18154179253735267,what is the growth rate in net reserves in 2005?,3,1,10,True,False,True,True,False,Change/Growth
q81dec7ec,0.19092086617893467,by how much did the allowance for doubtful accounts increase from 2005 to 2006?,6,1,14,True,True,False,False,True,Change/Growth
q81dfb1fc,0.1480409554829326,What's the sum of the Municipal bonds for Available-for-sale debt securities for TotalFair Value in the years where Total segment revenu is greater than 1700? (in million),3,1,27,True,True,True,True,True,Aggregation (Sum/Total)
q81e13324,0.3903800499921017,"what was the average for ""other"" loans held in 2012 and 2011?",4,1,12,True,False,True,False,False,Aggregation (Average)
q81e2083a,0.11751610475642714,"In the year with largest amount of Gas purchased for resale, what's the increasing rate of Operating revenues?",4,1,18,False,True,True,False,True,Conditional/Multi-hop
q81e4f9be,0.3903800499921017,In the year with largest amount of Interest rate what's the sum of Equity and Credit derivatives for Notional amounts? (in billion),4,1,22,False,True,True,False,True,Aggregation (Sum/Total)
q81e74066,0.0,The total amount of which section ranks first inFirstQuarter ?,3,0,10,False,False,True,False,True,Aggregation (Sum/Total)
q81e99668,0.0,What's the average of total loan in 2011? (in million),3,0,10,True,False,True,False,True,Aggregation (Sum/Total)
q81f01e20,0.0,In what sections is Required interest on net reserves positive?,3,0,10,False,False,False,False,False,Other/Factual
q81f4001c,0.3391602052736161,What's the sum of allCash and cash equivalents and Unsettled fund receivables that are positive in 2011? (in million),5,1,19,True,False,True,False,False,Aggregation (Sum/Total)
q81f4d938,0.0,"What is the sum of Balance at December 31, 2007-1 in 2007? (in million)",3,0,14,True,False,True,False,False,Aggregation (Sum/Total)
q81f5dc5c,0.0,How many kinds of Gross are greater than 10 in for Natural Gas Wells?,6,0,14,True,True,False,False,False,Other/Factual
q81f9f8be,0.0,"In the year with lowest amount of Interest in table 2, what's the increasing rate of Operating leases in table 2?",4,0,21,True,True,True,True,True,Extremum (Max/Min)
q81fc8034,0.0,Which year is Fair Value for Aaa the highest?,5,0,9,False,True,False,True,True,Extremum (Max/Min)
q81fd9366,0.21398626473452756,What is the growing rate of Canada-1 in the year with the most Total calendar year effect ?,5,1,18,True,True,True,True,True,Aggregation (Sum/Total)
q81ffb65a,0.0,"what percentage of citi's home equity portfolio as of december 31 , 2015 was comprised of fixed-rate home equity loans?",2,0,20,True,False,True,False,False,Percentage/Ratio
q8202f964,0.41253177989255346,What is the sum of investment income in the range of 100 and 1000 in 2014? (in million),8,2,18,True,False,True,False,False,Aggregation (Sum/Total)
q82080364,0.30260241349881345,how much of total minimum lease payments ( in millions ) are not due to assets under construction?,6,1,18,False,False,True,False,True,Aggregation (Sum/Total)
q820c112a,0.13012668333070054,"what's the total amount of Debt maturities of Thereafter, Operating lease obligations of More than 5 years is, and Total of Thereafter ?",4,1,23,True,True,True,False,True,Aggregation (Sum/Total)
q821b69a4,0.0,In what sections is Investment Bank greater than 1000?,4,0,9,True,True,False,False,False,Other/Factual
q821eb91a,0.46927872602275644,"considering the year 2006 , what is the percentual fluctuation of the return provided by s&p 500 and the one provided by old peer group?",3,1,25,True,False,False,False,True,Percentage/Ratio
q822237e8,0.17342765698823945,what was the percentage change in weighted average shares outstanding for diluted net earnings per share from 2006 to 2007?,7,1,20,True,False,True,False,True,Aggregation (Average)
q822677ea,0.0,In which section the sum of Net sales has the highest value?,3,0,12,False,True,True,True,False,Aggregation (Sum/Total)
q822d5cfe,0.0,What is the row number of the section for which the Fair Value exceeds 30 % of total Fair Value in 2011?,5,0,22,True,False,True,True,True,Aggregation (Sum/Total)
q82384b82,0.0,What's the total value of all Value (In millions) that are in the range of 400 and 1000 in 2011? (in million),5,0,22,True,False,True,True,True,Aggregation (Sum/Total)
q8239f9dc,0.0,What was the average value of the Total commercial in the years where Total commercial real estateis positive?,3,0,18,False,False,True,True,True,Aggregation (Sum/Total)
q823e98ca,0.0,In which years is Other comprehensive income before reclassifications greater than Net current-period other comprehensive income (for Changes related to cash flow derivative hedges)?,3,0,24,False,True,False,False,True,Change/Growth
q82432d04,0.3391602052736161,"Which year is Change, net of taxes the most?",5,1,9,False,True,False,False,True,Change/Growth
q82441796,0.22009176629808017,what was the decrease observed in the fair market value of plan assets of the benefit pension plans during 2014 and 2015?,13,1,22,True,True,False,True,False,Change/Growth
q8245c302,0.13743816645714543,"What is the total value of Operating revenues, Purchased power , Fuel and Other operations and maintenance for Electric ? (in million)",7,1,22,False,False,True,True,True,Aggregation (Sum/Total)
q824af32c,0.0,"What's the total amount of the Financial standby letters of credit in the years where Benefit plans-3 is less than -6,250 (in million)",5,0,23,True,True,True,False,True,Aggregation (Sum/Total)
q824b7c3e,0.30260241349881345,what was the percentage change in revenues for investments in 50% ( 50 % ) or less owned investments accounted for using the equity method between 2001 and 2002?,6,1,29,True,True,True,False,True,Percentage/Ratio
q825216e8,0.24390331138078203,what was the percentage change in net sales from 2011 to 2012?,8,2,12,True,False,True,False,True,Percentage/Ratio
q8258ff9e,0.0,What is the sum of Home equity in 2011 and Operating lease obligations for Total? (in million),6,0,17,True,False,True,False,True,Aggregation (Sum/Total)
q8259f1ba,0.0,"As As the chart 0 shows,the value of the Asset- backed securities at December 31,which year ranks first?",8,0,18,True,False,False,True,True,Other/Factual
q825e6902,0.6366824387328317,what is the annualized return for the investment in the allegion plc during 2013-2017?,4,2,14,True,False,False,False,False,Other/Factual
q825f6758,0.0,what is the growth rate of net sales from 2014 to 2015?,6,0,12,True,False,True,True,True,Change/Growth
q826322e4,0.0,"what was the total intrinsic value of options exercised during 2007 , 2006 and 2005 in millions?",4,0,17,True,False,True,True,True,Aggregation (Sum/Total)
q826ed10c,0.20438239758848611,What's the sum of all Shares that are positive in 2017?,2,1,11,True,False,True,False,False,Aggregation (Sum/Total)
q82715706,0.46927872602275644,What was the total amount of Square Feet-1 /Apartment Units excluding those Square Feet-1 /Apartment Units greater than 100000 for Square Feet-1 /Apartment Units?,3,1,24,True,True,True,False,True,Aggregation (Sum/Total)
q82787914,0.24630238874073,"The total amount of which section ranks first for Years Ended December 31, for Credit loss impairments? (in million)",4,1,19,True,False,True,False,True,Aggregation (Sum/Total)
q827cc5dc,0.0,what was the percentage change in non-cash stock-based compensation expense from 2012 to 2013?,3,0,14,True,False,True,False,True,Percentage/Ratio
q827f3af6,0.0,What is the percentage of Long-term debt in relation to the total for Total contractual obligations ?,8,0,17,False,False,True,False,True,Aggregation (Sum/Total)
q82806e08,0.0,What is the total amount of the Fee revenue in the year where Total revenue is greater than 13000000?,6,0,19,True,True,True,False,True,Aggregation (Sum/Total)
q82815ed0,0.0,what is the estimated price of hologic common stock used in the transaction for biolucent acquisition?,3,0,16,False,False,False,False,True,Other/Factual
q82824750,0.46927872602275644,What's the greatest value of Fixed income in 2015? (in millions),3,1,11,True,False,False,True,False,Other/Factual
q82864972,0.3391602052736161,When does Total calendar year effect reach the largest value?,5,1,10,False,True,True,True,True,Aggregation (Sum/Total)
q828823aa,0.13120507751234178,"what's the total amount of Accumulated benefit obligation CHANGE IN PLAN ASSETS of CECONY 2013, and Operating earnings of 2008 ?",5,1,21,True,False,True,False,True,Aggregation (Sum/Total)
q828ca970,0.3903800499921017,what was the change in fair value of retained interests in billions as of december 2018 and december 2017?,4,1,19,True,False,False,True,False,Change/Growth
q8290c910,0.0,"What is the ratio of all value that are in the range of 400 and 1000 to the sum of value, in 2011?",5,0,23,True,False,True,True,True,Aggregation (Sum/Total)
q8293450a,0.0,What is the ratio of Operating lease obligations to Total contractual obligations in 1-3 years?,8,0,15,True,False,True,False,True,Aggregation (Sum/Total)
q82954f30,0.0,"What's the total amount of Management and financial advice fees, Distribution fees, Net investment income and Premiums in 2012? (in million)",8,0,21,True,False,True,False,True,Aggregation (Sum/Total)
q829bcdd8,0.0,"In the year with lowest amount of Deposits with banks Average volume, what's the increasing rate of Deposits with banks Average volume?",2,0,22,False,True,True,False,True,Aggregation (Average)
q829ed85c,0.0,What's the average of Provision for credit losses and Gains on sales of debt securities of Restated in 2005? (in million),3,0,21,True,False,True,False,False,Aggregation (Average)
q82a3a3f0,0.0,"In the section with lowest amount of Net interest income, what's theamount of Net interest income and Total revenue, net of interest expense? (in millions)",3,0,25,False,True,True,False,True,Aggregation (Sum/Total)
q82a8646c,0.0,What's the average of Curtailments and Settlements and Special termination benefits in 2010? (in million),13,0,15,True,False,True,False,False,Aggregation (Average)
q82aee3be,0.0,What's the total amount of the Losses on reacquired debt in the years where Contract valuation adjustments(d) is greater than 1? (in thousand),3,0,23,True,True,True,False,True,Aggregation (Sum/Total)
q82b17a0c,0.0,"What is the total value of Pension and employee benefit obligations ,AFDC recorded in plant(a) ,Conservation programs(a) and Contract valuation adjustments(d) in 2006? (in thousand)",3,0,25,True,False,True,True,True,Aggregation (Sum/Total)
q82b95e3e,0.0,"as of december 31 , 2015 , what was the percentage of the loans extended under home equity lines of credit in the citi 2019s home equity loan portfolio",2,0,29,True,False,True,False,False,Percentage/Ratio
q82c8673a,0.0,What's the sum of Active in the range of 100000 and 500000 in 2015? (in million),3,0,16,True,False,True,False,False,Aggregation (Sum/Total)
q82c9a85c,0.5855700749881525,by how much did the fair value of stock-based performance units outstanding decrease from 2016 to 2018?,4,2,17,True,True,False,True,True,Change/Growth
q82cb6124,0.15958907712489634,"What's the total amount of Management and financial advice fees, Distribution fees, Net investment income and Other revenues in 2009? (in millions)",8,1,22,True,False,True,False,True,Aggregation (Sum/Total)
q82d4c6ec,0.3903800499921017,"What was the sum of Fourth Quarter without those Fourth Quarter smaller than 0, in 2012? (in million)",4,1,18,True,False,True,False,True,Aggregation (Sum/Total)
q82dd3fa2,0.0,When does Net revenues in December 31 reach the largest value?,3,0,11,True,True,False,True,False,Other/Factual
q82e2ab22,0.0,What was the total amount of Total asset-backed the in the sections where Corporate and other bonds is greater than 100? (in million),3,0,23,True,True,True,False,True,Aggregation (Sum/Total)
q8308c00a,0.46927872602275644,"what were the remaining mondovi net assets acquired following the sale of certain excess assets from the deal , in thousands?",3,1,21,False,False,False,False,True,Other/Factual
q8309ecd2,0.0,"What do all Proved Developed Reserves sum up in 2013 for U.S. , excluding Synthetic crude oil(mmbbl) and Total proved developed reserves(mmboe)?",6,0,22,True,False,True,False,True,Aggregation (Sum/Total)
q830ab982,0.6366824387328317,"What is the sum of Target date/risk of FXimpact, Operating leases of Thereafter, and Principal of Total ?",4,2,18,False,False,True,False,True,Aggregation (Sum/Total)
q830dae8a,0.10778915452451093,"Without Management and financial advice fees and Distribution fees, how much of Revenues is there in total in 2009? (in million)",6,1,21,True,False,True,False,True,Aggregation (Sum/Total)
q830e4cb4,0.3903800499921017,"In the year with largest amount of Other borrowings in terms of Carrying Value, what's the value of Deposits in terms of Carrying Value?",4,1,24,False,True,False,True,True,Conditional/Multi-hop
q83133436,0.21398626473452756,"what is the annual amortization expense related to customer relationships and network location intangibles , in millions?",5,1,17,False,False,False,False,True,Other/Factual
q83141e00,0.0,What is the average value of Total assets and Corporate and other bonds for Fixed maturity securities for Total in 2016? (in million),3,0,23,True,False,True,True,True,Aggregation (Sum/Total)
q8314b324,0.0,"In terms of Assets,which year is Fair Values of Total derivatives designated as hedging instruments on December 31 higher?",4,0,19,True,False,True,True,True,Aggregation (Sum/Total)
q831648ba,0.0,What was the average value of the Income taxes payable in the years where Net earnings is positive?,6,0,18,False,False,True,True,True,Aggregation (Average)
q831774ce,0.0,"What's the average of the Loans, net for Assets for Carrying Value in the years where Total assets for December 31, is positive?",4,0,23,True,False,True,True,True,Aggregation (Sum/Total)
q831886de,0.16812753627111746,What is the sum of the Finance — Finance Companies in the sections where Finance — Finance Companies is positive? (in million),4,1,22,False,False,True,False,False,Aggregation (Sum/Total)
q831cc906,0.0,What is the sum of the Foreign currency forwards in the years where Interest rate caps greater than 0? (in million),5,0,21,True,True,True,False,True,Aggregation (Sum/Total)
q831d73a6,0.0,what was the percentage change in the expenses related to he issuing of stock option in 2009,6,0,17,True,False,True,False,True,Percentage/Ratio
q831f9cee,0.19519002499605084,What's the total value of all net income for before consolidation that are in the range of 10 and 600 in 2010? (in million),4,1,24,True,False,True,True,True,Aggregation (Sum/Total)
q8321712c,0.30260241349881345,based on the review of the changes in the warranty reserve what was the percentage change in the year end balance in 2009,6,1,23,True,False,True,False,True,Percentage/Ratio
q8325cd44,0.23463936301137822,"What is the total amount of U.S. credit card Loans and leases charged off of 2014, Cash proceeds from new securitizations of Residential Mortgage Agency 2016, and Allowance for loan and lease losses, December 31 Recoveries of loans and leases previously charged off of 2013 ?",3,1,46,True,False,True,False,True,Aggregation (Sum/Total)
q8327a402,0.0,What will Total assets reach in 2014 if it continues to grow at its current rate?,7,0,16,True,False,True,True,True,Aggregation (Sum/Total)
q832afed6,0.6131471927654584,Which year is Group Retirement Products* the most? (in year),2,1,10,False,True,False,False,True,Extremum (Max/Min)
q832c4dfe,0.30260241349881345,by what percentage did adjustments to valuation allowances increase from 2011 to 2012>,6,1,13,True,True,True,False,True,Percentage/Ratio
q832f46d0,0.0,"What is the percentage of Goodwill in relation to the total on December 31,2016? (in million)",4,0,16,True,False,True,False,True,Aggregation (Sum/Total)
q833247b8,0.0,"What is the average amount of Employee separations of Other, and Operating activities of Year Ended December 31, 2007 ?",5,0,20,True,False,True,False,True,Aggregation (Average)
q83406528,0.0,what portion of the securities approved by the security holders remains available for future issunce?,4,0,15,False,False,False,False,False,Other/Factual
q83462972,0.0,What will Defined contribution plans reach in 2016 if it continues to grow at its current rate?,5,0,17,True,False,True,True,True,Other/Factual
q83470c66,0.2393836156873445,What's the difference of Net flows between 2009 and 2008? (in billion),8,2,12,True,False,True,False,True,Other/Factual
q834c4d84,0.0,"If Total revenues develops with the same growth rate in2011, what will it reach in 2012? (in million)",8,0,18,True,False,True,True,True,Aggregation (Sum/Total)
q835220e2,0.10122860821230018,"What do all Notional sum up, excluding those negative ones in 2008 for As of December 31, 2008 for Financial assets with interest rate risk? (in million)",9,1,27,True,False,True,False,False,Aggregation (Sum/Total)
q83554574,0.7095272044910244,"In the year with largest amount of SquareFeet of Total Consolidated Portfolio, what's the increasing rate of Ann. RentRevenue of Total Consolidated Portfolio?",4,3,23,False,True,True,False,True,Aggregation (Sum/Total)
q83562c00,0.0,When does Net interest income reach the largest value?,3,0,9,False,True,False,True,False,Other/Factual
q83583c0c,0.0,What is the growing rate of total asset-6 in the year with the most gross profit? (in %),2,0,18,True,True,True,True,True,Aggregation (Sum/Total)
q835915aa,0.46927872602275644,"What was the average value of Service cost, Interest cost, Employer contributions in 2015 for Pension Benefits? (in million)",3,1,19,True,False,True,True,False,Aggregation (Average)
q835a4894,0.0,"In the year with largest value of sales of oil, what's the sum of sales of gas? (in million)",4,0,19,False,True,True,True,True,Aggregation (Sum/Total)
q835f8944,0.0,What is the growing rate of Planned generation (TWh) in the year with the most Average contracted price per MWh?,5,0,20,False,True,True,True,True,Aggregation (Average)
q83630e34,0.27487633291429087,"What do all Planned net MW in operation sum up without those Planned net MW in operation smaller than 4155, in 2006?",7,1,22,True,False,True,False,False,Aggregation (Sum/Total)
q8364ba86,0.2960819109658652,what was the percentage change in fuel surcharge program freight revenue from 2012 to 2013?,3,1,15,True,False,True,False,True,Percentage/Ratio
q836b9360,0.0,"In the year with largest amount of Granted of Shares in Table 3, what's the increasing rate of Net reserves in Table 4?",2,0,23,True,True,True,True,True,Conditional/Multi-hop
q836db4e2,0.123151194370365,What is the growing rate of Average expected option life (years) in the year with the most Risk-free interest rate (%)?,4,1,21,False,True,True,True,True,Aggregation (Average)
q836f2ebc,0.0,What was the total amount of elements for December 31 in the range of 2000 and 3000 in 2010? (in million),2,0,21,True,False,True,False,True,Aggregation (Sum/Total)
q8372ab1e,0.0,"What is the sum of the Unrealized gains (losses) on derivative instruments, net of income tax in the years where Net income greater than 4000?",4,0,25,True,True,True,False,True,Aggregation (Sum/Total)
q83789aba,0.5585075862632192,"what's the total amount of Basic net income available for common shareholders of 2007, and 2025 of Industrial SquareFeet 8,028 12,303 13,525 12,567 13,042 ?",4,2,25,True,False,True,False,True,Aggregation (Sum/Total)
q837b54d0,0.27487633291429087,"What is the total amount of Net sales of 2014, and Notes Payable of 2008 Carrying Amounts ?",7,1,18,True,False,True,False,True,Aggregation (Sum/Total)
q8380395a,0.3903800499921017,what is the percentage change in weighted average common shares outstanding for diluted computations from 2015 to 2016?,4,1,18,True,False,True,False,True,Aggregation (Average)
q83818904,0.0,"In the year with the most Equity securities, what is the growth rate of Policy loans? (in %)",8,0,18,False,True,True,True,True,Percentage/Ratio
q83880a04,0.38685280723454163,what was the total research and development from december 312017 to 2015 in millions,2,1,14,True,False,True,False,True,Aggregation (Sum/Total)
q838a16dc,0.0,what is the percentage change in the balance of inventories from 2012 to 2013?,2,0,14,True,False,True,False,True,Percentage/Ratio
q838c551e,0.0,What's the 30% of total for Total transaction and integration charges in 2010? (in million),9,0,15,True,False,True,False,True,Aggregation (Sum/Total)
q838e3f14,0.6131471927654584,"as of december 31 , 2010 , what was the total committed but unused credit facilities in millions?",2,1,18,True,False,True,False,True,Aggregation (Sum/Total)
q838f1d1c,0.0,"If Swaps in terms of Interest rate contracts with Contract/ Notional develops with the same growth rate in 2005, what will it reach in 2006? (in dollars in millions)",5,0,29,True,False,True,True,False,Change/Growth
q83905290,0.0,"what is the percentage change in interest expense-net , from 2015 to 2016?",6,0,13,True,False,True,False,True,Percentage/Ratio
q8394d504,0.6131471927654584,"What is the total amount of Vested of Years Ended December 31, 2017 Shares, and Beginning of period reserves of At December 31, 2015 ?",2,1,25,True,False,True,False,True,Aggregation (Sum/Total)
q8395cba8,0.27487633291429087,what is the percentage change in weighted average common shares outstanding for basic computations from 2017 to 2018?,7,1,18,True,False,True,False,True,Aggregation (Average)
q83a31056,0.0,"what percentage of citi's home equity portfolio as of december 31 , 2015 was comprised of loans extended under home equity lines of credit ( revolving helocs ) ?",2,0,29,True,False,True,False,False,Percentage/Ratio
q83a62494,0.0,What's the total amount of the Net income in the years where Land is greater than 0? (in thousand),3,0,19,True,True,True,False,True,Aggregation (Sum/Total)
q83a6f7b6,0.15101961822780524,What's the total amount of the Policyholders’ account balances - investment contracts in the years where Policy loans of Assets greater than 0 for Fair Value? (in million),4,1,28,True,True,True,True,True,Aggregation (Sum/Total)
q83affb90,0.0,"What is the average amount of Investment banking fees of 2004, and Commissions and fees of Year Ended December 2014 ?",1,0,21,True,False,True,False,True,Aggregation (Average)
q83b376e4,0.3589542101716347,"what was the change in the weighted average interest rate earned by the company on its cash , cash equivalents , and short-term investments between 2007 and 2006?",16,2,28,True,False,True,False,True,Aggregation (Average)
q83b59da2,0.0,What is the sum of the Total Loans in the sections where Commercial Loans is positive? (in thousand),12,0,18,False,False,True,False,True,Aggregation (Sum/Total)
q83b66782,0.15958907712489634,"In the year with the most Net flows, what is the growth rate of Market appreciation/(depreciation)?",8,1,16,False,True,True,True,True,Change/Growth
q83b8b2ee,0.0,How many Commitment Type continues to decrease each year from 2015 to 2017?,3,0,13,True,True,False,False,True,Change/Growth
q83bf4b36,0.0,What will Andes SBU be like in 2015 if it continues to grow at the same rate as it did in 2014? (in million),2,0,24,True,False,True,True,True,Other/Factual
q83c04efa,0.36331756126716835,"What was the average value of Tier 1 capital, Risk-weighted, Adjusted average for Basel III Standardized Transitional in 2016 ? (in million)",4,2,22,True,False,True,True,False,Aggregation (Average)
q83c2a93e,0.2529427027676571,in 2006 what was the total amount authorized by the board of directors authorized for the repurchase of shares in billions,8,1,21,True,False,True,False,True,Aggregation (Sum/Total)
q83caeaea,0.46927872602275644,what is the percentage change in common shareholders 2019 equity due to the adjustments presented in the table to reach basel iii cet1?,3,1,23,True,False,True,True,True,Percentage/Ratio
q83cbc938,0.0,"What's the sum of Interest on debt of After 5years, Fair value of plan assets of 2016, and Total assets of December 31, 2012 Total ?",7,0,26,True,False,True,True,True,Aggregation (Sum/Total)
q83d346a4,0.0,what is the increase in rent expense from 2008 to 2009?,3,0,11,True,True,False,False,True,Change/Growth
q83deb16a,0.0,"In the section with the most Bank deposits, what is the growth rate of Collateral financing arrangements?",4,0,17,False,True,True,True,False,Change/Growth
q83e3e52c,0.0,"In terms of Assets,which year is Fair Values of Total derivatives designated as hedging instruments on December 31 smaller than 100000 thousand?",4,0,22,True,False,True,True,True,Aggregation (Sum/Total)
q83ee4b48,0.0,What's the increasing rate of Total segment in 2016 for Total Incurred?,4,0,12,True,False,True,False,True,Aggregation (Sum/Total)
q83f1df74,0.0,What is the growing rate of Fuel in the year with the most Electric?,7,0,14,False,True,True,True,True,Extremum (Max/Min)
q83f6593c,0.0,What will Inventories be like in 2015 if it develops with the same increasing rate as current? (in million),3,0,19,True,False,True,False,True,Other/Factual
q83f7e374,0.0,Which section is Total fixed rate debt the most?,3,0,9,False,True,True,False,True,Aggregation (Sum/Total)
q83f8afde,0.0,"What is the total amount of Other assets, including investment in TradeHelm, and Compensation expense of Year Ended December 31, 2005 ?",4,0,22,True,False,True,False,True,Aggregation (Sum/Total)
q83fc49be,0.09546043308946733,"What is the sum of Europe of Year Ended December 31, 2007, Retained earnings of December 31, 2014 As Revised, and Total of Year Ended December 31, 2008 ?",6,1,29,True,False,True,False,True,Aggregation (Sum/Total)
q83ff4a60,0.0,How many element exceed the average of Interest expense in 2009,4,0,11,True,False,True,False,False,Aggregation (Average)
q842c0636,0.0,In which section the sum of Three months or less has the highest value?,3,0,14,False,True,True,True,True,Aggregation (Sum/Total)
q842c8af2,0.0,what was the ratio of the purchase in december 2012 to the purchase in january 2013,3,0,16,True,False,True,False,True,Percentage/Ratio
q842dcb60,0.30260241349881345,"what percentage of total minimum lease payments are operating leases as of december 31 , 2006?",6,1,16,True,False,True,False,True,Aggregation (Sum/Total)
q842f82de,0.3986875657977409,Which element for RevPAR exceeds 10% of total in 2006?,6,3,10,True,False,True,False,True,Aggregation (Sum/Total)
q843194de,0.10209739512291163,what was the percentage change in the reinsurance accounts from 2009 to 2010,5,1,13,True,False,True,False,True,Percentage/Ratio
q8435886e,0.0,% ( % ) change of the dilutive effect from 2006-2008,7,0,11,True,False,False,False,True,Percentage/Ratio
q84370e1e,0.3903800499921017,What is the proportion of Net Charge-offs Office to the total in 2011?,4,1,13,True,False,True,False,True,Aggregation (Sum/Total)
q8441a2de,0.3391602052736161,"What do all Change, net of taxes sum up, excluding those negative ones in 2015? (in million)",5,1,17,True,False,True,False,False,Aggregation (Sum/Total)
q84479edc,0.3903800499921017,"What's the sum of Trading account liabilities without those Trading account liabilities smaller than 15000, in 2010? (in million)",4,1,19,True,False,True,False,False,Aggregation (Sum/Total)
q844dbad8,0.46927872602275644,what is the growth rate in revenue related technology and risk management from 2015 to 2016?,3,1,16,True,False,True,True,True,Change/Growth
q8455ea96,0.16958010263680806,Which year is Standardized Approach the most? (in million),5,1,9,False,True,False,False,True,Extremum (Max/Min)
q845eabea,0.0,"If Fixed income of Active develops with the same increasing rate in2016, what will it reach in 2017? (in million)",3,0,20,True,False,True,False,False,Other/Factual
q846a7bb4,0.6131471927654584,"What's the average of Working capital of 2012, and Monterra del Sol of RentableSquareFootage ?",2,1,15,True,False,True,True,False,Aggregation (Average)
q846cc1ee,0.0,"what was the average revenue from discontinued operations in 2013 and 2011 , in millions?",3,0,15,True,False,True,False,True,Aggregation (Average)
q847157e0,0.23504554941448536,"considering the class a common stocks , what is the percentage's increase of the number issued to participating employees in relation non-executive directors amidst 2016 and 2017?",9,1,27,True,True,True,False,True,Percentage/Ratio
q847a1ac4,0.0,what is the percent change of interest paid between 2016 and 2017?,4,0,12,True,False,False,False,True,Percentage/Ratio
q847b33be,0.19519002499605084,"In terms of Carrying Value,how much of Liabilities is there in total in 2007 without Deposits and Other borrowings?",4,1,19,True,False,True,True,True,Aggregation (Sum/Total)
q84805b5a,0.3903800499921017,What is the total value of Labor and related benefitsTransfer and disposal costs Maintenance and repairs Subcontractor costs in 2013?,4,1,20,True,False,True,True,True,Aggregation (Sum/Total)
q8485967e,0.3903800499921017,When does sales of oil reach the largest value?,4,1,9,False,True,False,True,False,Other/Factual
q848826d2,0.0,"In the year with largest amount of Net credit losses, what's the amount of Revenues, net of interest expense and Total operating expenses? (in million)",4,0,25,False,True,True,False,True,Aggregation (Sum/Total)
q8496d89e,0.11838279295536291,"In the section with the most Australia, what is the growth rate of Mill for Australia?",7,1,16,False,True,True,True,False,Change/Growth
q8499ad76,0.0,What is the sum of elements in 2011 ? (in million),9,0,11,True,False,True,False,False,Aggregation (Sum/Total)
q84a0ac02,0.0,"during 2009 , refineries a total of how much processed total crude and other charge and blend stocks , in mbpd?",3,0,21,True,False,True,False,True,Aggregation (Sum/Total)
q84a5d830,0.6131471927654584,What was the total amount of the Camarillo Oaks and Bonita Cedars in the sections where Anavia is greater than 312000?,2,1,21,True,True,True,False,True,Aggregation (Sum/Total)
q84a7c2da,0.0,"What is the growing rate of Equity securities, trading for Carrying amount in the year with the most Fixed maturities, available-for-sale ?",11,0,22,False,True,True,True,True,Extremum (Max/Min)
q84acf93a,0.0,What's the sum of all elements that are greater than 10 in Home equity?,3,0,14,True,True,True,False,False,Aggregation (Sum/Total)
q84aedba6,0.0,"What is the average amount of Interest expense, net of Year Ended December 31, 2013, and Office equipment of December 31, 2015 ?",3,0,23,True,False,True,False,True,Aggregation (Average)
q84b195a8,0.0,What's the average of Interest expense in 2009? (in thousand),4,0,10,True,False,True,False,False,Aggregation (Average)
q84b273ec,0.24630238874073,What's the sum of the equity the securities in the level where U.S. small cap stocks is greater than 1? (in million),4,1,22,True,True,True,False,True,Aggregation (Sum/Total)
q84bf69a8,0.0,What's the 50% of the sum of all Total expenses? (in million),6,0,12,True,False,True,False,True,Aggregation (Sum/Total)
q84c1b802,0.0,What's the sum of all Components of net periodic benefit cost that are positive in 2009 for Qualified plan? (in million),6,0,21,True,False,True,False,True,Aggregation (Sum/Total)
q84c3c372,0.3903800499921017,"What is the sum of Net written premiums for Specialty and Other revenue, primarily operating in 2016?",4,1,17,True,False,True,False,False,Aggregation (Sum/Total)
q84c64732,0.3903800499921017,What's the sum of all Qualifying Accounting Hedges-2 that are positive in 2010 for Gross Derivative Assets? (in billion),4,1,19,True,False,True,False,False,Aggregation (Sum/Total)
q84cbe61a,0.0,what is the percentage change in aggregate notional amount of outstanding foreign currency hedges from 2011 to 2012?,4,0,18,True,False,True,False,True,Percentage/Ratio
q84d1064a,0.2532778777010656,"What is the ratio for unallocated items to the Other for selling, general and administrative expenses. in 2016?",4,2,18,True,False,True,False,True,Percentage/Ratio
q84d48068,0.0,What was the average of the Fixed-rate in the years where Total Commercial Banking is positive? (in million),6,0,18,False,False,True,False,True,Aggregation (Sum/Total)
q84d6fd98,0.16716045496620227,What was the value of the Gross margin in the year where Sales volume by product tons (000s) is positive? (in million),3,1,22,True,False,False,True,True,Conditional/Multi-hop
q84d7866e,0.30260241349881345,what is the implied value of nigen based on the 2000 acquisition?,6,1,12,True,False,False,True,False,Other/Factual
q84dd9f7c,0.5294362295028773,"What is the average amount of Reserve for unearned premiums of 2014 As Reported, and Expired of Weighted Average Exercise Price ?",4,2,22,True,False,True,False,False,Aggregation (Average)
q84e182f4,0.2960819109658652,what is the roi of an investment in loews common stock from 2011 to 2012?,3,1,15,True,False,False,False,True,Other/Factual
q84e42a22,0.46927872602275644,what was the percentage change in share-based compensation expense between 2011 and 2012?,3,1,13,True,False,True,False,True,Percentage/Ratio
q84ed6326,0.0,"If Goodwill develops with the same increasing rate in2016, what will it reach in 2017? (in million)",4,0,17,True,False,True,False,False,Other/Factual
q84f0138c,0.4935232796777481,What is the difference between North America and EMEA 's highest Total change (U.S. GAAP)? (in million),6,2,17,False,True,True,False,True,Aggregation (Sum/Total)
q84f1161a,0.13905617951077562,What is the sum of Noninterest expense in 2016? (in million),4,1,11,True,False,True,False,False,Aggregation (Sum/Total)
q84f3c928,0.0,In what year is Net occupancy greater than 18000?,3,0,9,True,True,False,False,True,Other/Factual
q84f63fc8,0.0,"what was the percentage change in the repurchase reserve between 2008 and 2009 , in millions?",5,0,16,True,False,True,False,True,Percentage/Ratio
q84fcfe76,0.0,What is the ratio of Greater than twelve to twenty-four months for Carrying amount of Private to the total in 2009?,3,0,21,True,True,True,False,True,Aggregation (Sum/Total)
q84fe3854,0.5413996682199069,"What is the total amount of Group retirement products of Net Investment Income, and Decrease in cash of 2010 ?",4,2,20,True,True,True,False,True,Aggregation (Sum/Total)
q84ff0cfc,0.13743816645714543,How many U.S. Plans exceed the average of U.S. Plans in 2016 for Pension?,7,1,14,True,False,True,False,False,Aggregation (Average)
q85039a74,0.6366824387328317,"At December 31, 2015,what is the Gross Unrealized Gains for Technology Corporate securities ? (in million)",4,2,16,True,False,True,False,False,Other/Factual
q85173688,0.0,What will U.S. high-grade be like in 2005 if it develops with the same increasing rate as current? (in thousand),3,0,20,True,False,True,False,False,Other/Factual
q851f21c2,0.0,"What do all Residential mortgage-backed securities sum up without those Residential mortgage-backed securities smaller than 20,000, in 2008? (in million)",4,0,20,True,False,True,False,False,Aggregation (Sum/Total)
q85224fc8,0.3903800499921017,What's the total amount of Qualifying Accounting Hedges-2 in the range of 0 and 20 in 2010 for Gross Derivative Assets? (in billion),4,1,23,True,False,True,False,True,Aggregation (Sum/Total)
q8523400e,0.0,"What was the average of Net income (loss) for Basic earnings (loss) per share in 2008, 2007, and 2006 ?",3,0,20,True,False,True,False,False,Aggregation (Average)
q852613f6,0.0,Which year is Equity securities in Carrying Value the most?,4,0,10,False,True,False,True,True,Extremum (Max/Min)
q8528daa0,0.0,how much money can the company deduct on the income tax in the future after this acquisition?,3,0,17,False,False,False,False,False,Other/Factual
q8529958a,0.2960819109658652,"What is the average amount of Ship improvements of 2015, and Other comprehensive income before reclassifications of Changes in definedbenefit plans ?",3,1,22,True,False,True,False,False,Aggregation (Average)
q852cab94,0.0,What was the total amount of Balance% in the range of 0 and 200000 in 2009 ? (in thousand),2,0,19,True,False,True,False,True,Aggregation (Sum/Total)
q852ed734,0.0,what percent did the balance increase from the beginning of 2016 to the end of 2017?,3,0,16,True,True,False,False,True,Percentage/Ratio
q853283b6,0.46927872602275644,what is the growth rate in operating profit for space systems in 2012?,3,1,13,True,False,True,True,False,Change/Growth
q85372790,0.0,What is the sum of corporateand in the range of 6000 in 2015? (in million),4,0,15,True,False,True,False,False,Aggregation (Sum/Total)
q85411d0e,0.14606834984270645,"What was the total amount of Foreign govt./govt. agencies, Municipal, RMBS and U.S. Treasuries for Fair of 12 Months or More ?",5,1,22,True,True,True,False,True,Aggregation (Sum/Total)
q85461e58,0.13905617951077562,In the year with the mostGross written premiums what is the growth rate of Premiums earned?,4,1,16,False,True,True,True,True,Change/Growth
q854ab756,0.0,What is the proportion of Distribution expenses to the total expenses in 2011?,6,0,13,True,False,True,False,True,Aggregation (Sum/Total)
q854dade4,0.0,Which year is Catastrophes for Prior Years the lowest?,3,0,9,False,True,False,False,True,Extremum (Max/Min)
q854f9d2a,0.3391602052736161,what was the percentage change in the additions charged to expense from 2011 to 2012 as part of the allowance for doubtful accounts,5,1,23,True,False,True,False,True,Aggregation (Sum/Total)
q85543eb6,0.3903800499921017,Which year is Interruptible sales in thousands of Dt Delivered the lowest?,4,1,12,False,True,False,False,True,Extremum (Max/Min)
q85601100,0.0,What will Depreciation and amortization reach in 2013 if it continues to grow at its current rate? (in thousand),3,0,19,True,False,True,True,True,Other/Factual
q856b1fc8,0.0,in 2009 what was the ratio of the cash to securities segregated special bank accounts for the benefit of securities and futures brokerage customers,7,0,24,True,False,True,False,True,Percentage/Ratio
q856bb866,0.2960819109658652,In which year is U.S. dollars sold for Pounds sterling for Contract amount greater than 1?,3,1,16,True,True,False,False,True,Other/Factual
q856d40e6,0.46927872602275644,"In which section the sum ofProduct revenues, net has the highest value?",3,1,12,False,True,True,True,False,Aggregation (Sum/Total)
q85777200,0.0,What is the sum of the Held-for-sale in the sections where Held-for-investment is positive? (in million),5,0,16,False,False,True,False,False,Aggregation (Sum/Total)
q857834c4,0.46927872602275644,"according to the above listed holders of common stock , what was the market share of mktx common stock on march 8 , 2006?",3,1,24,True,False,False,False,True,Other/Factual
q857c0cfc,0.46927872602275644,What's the current increasing rate of U.S. high-grade?,3,1,8,False,False,True,False,False,Other/Factual
q857f863e,0.0,"In the year with the most Other, what is the growth rate of Communications?",4,0,14,False,True,True,True,True,Change/Growth
q858184ca,0.46927872602275644,"In the year with largest amount of Institutional of Non-U.S. , what's the sum of loans and lease",3,1,18,False,True,True,False,True,Aggregation (Sum/Total)
q85874db0,0.0,What's the growth rate of the amount of Equity securities in 2009 Ended December 31?,5,0,15,True,False,True,True,False,Change/Growth
q85895092,0.0,what is the percentage growth in net cash provided by operating activities from 2009 to 2010?,1,0,16,True,False,True,True,True,Percentage/Ratio
q858cbd4a,0.13905617951077562,"In the year with lowest amount of Total segment the lowest for Total Incurred, what's the increasing rate of Catastrophes for Total Incurred?",4,1,23,False,True,True,False,True,Aggregation (Sum/Total)
q858d93f0,0.0,Does the average value of Services in 2012 greater than that in 2011?,3,0,13,True,True,True,True,False,Aggregation (Average)
q858f9b64,0.24630238874073,"What's the average of Asset allocation and balanced of December 31,2016, and Operating leases of Thereafter ?",4,1,17,True,False,True,False,False,Aggregation (Average)
q8592e77e,0.2529427027676571,Which year is Capital leases of Carrying amount the highest?,8,1,10,False,True,False,False,True,Extremum (Max/Min)
q85974f26,0.0,What is the sum of Other comprehensive income before reclassifications for Changes related to cash flow derivative hedges in 2013 and Ship improvements in 2014?,3,0,25,True,False,True,False,True,Aggregation (Sum/Total)
q85a157e6,0.0,What is the sum of the revenues in the years where Net investment gains (losses) is positive? (in million),7,0,19,False,False,True,False,True,Aggregation (Sum/Total)
q85a20326,0.13032376591037062,what is the percentage increase in total stock-based compensation expense from 2009 to 2010?,6,1,14,True,True,True,False,True,Aggregation (Sum/Total)
q85a31fae,0.15130120674940672,what is the growth rate for backlog at year-end from 2015 to 2016?,6,1,13,True,False,True,True,True,Change/Growth
q85a5bb42,0.3903800499921017,"what's the total amount of Group retirement products of Net Investment Income, Cash at end of year of 2011, and Group retirement products 2005 of Total Revenues ?",4,1,28,True,False,True,False,True,Aggregation (Sum/Total)
q85aacf9c,0.0,what is the total amount of principle payment paid from 2008 to 2011?,8,0,13,True,False,True,False,True,Aggregation (Sum/Total)
q85ab8388,0.6364391809889587,What is the growing rate of Average selling price per product ton in the years with the least Granular urea?,3,2,20,False,True,True,True,True,Aggregation (Average)
q85acc7b6,0.27487633291429087,"In the year with the most Registered investment companies, what is the growth rate of Total plan assets, subject to leveling in level1？",7,1,23,True,True,True,True,True,Aggregation (Sum/Total)
q85b1cc34,0.0,What's the current growth rate of Exercise of stock options of Shares?,7,0,12,False,False,True,True,True,Change/Growth
q85b2aaf0,0.10633668103022985,what was the ratio of the snap-on share repurchase in 2011 compared to 2010,7,1,14,True,False,True,False,True,Percentage/Ratio
q85b4b5f2,0.0,What is the growing rate of Commission and brokerage in the year with the most Incurred losses and LAE?,4,0,19,False,True,True,True,True,Extremum (Max/Min)
q85b65ca4,0.6131471927654584,in 2012 what was the ratio of the decline in the provision for commercial lending credit losses to the consumers provision,2,1,21,True,False,True,False,True,Aggregation (Sum/Total)
q85b816b6,0.0,What's the total amount of the Total revenues in the years where Net realized capital gains (losses) is greater than -716?,3,0,21,True,True,True,False,True,Aggregation (Sum/Total)
q85bb6136,0.3391602052736161,what percent of 2008's total other expenses is the total customer indemnification reserve?,5,1,13,True,False,True,False,True,Aggregation (Sum/Total)
q85beddf2,0.0,What's the sum of all Significant Other Observable Inputs (Level 2) that are positive in 2011? (in million),8,0,18,True,False,True,False,False,Aggregation (Sum/Total)
q85c1337c,0.0,"What do all Revenues, net of interest expense sum up, excluding those negative ones in 2010? (in million)",5,0,18,True,False,True,False,False,Aggregation (Sum/Total)
q85c7f16c,0.09010000865236768,what percent of warehouse locations are located in japan .,8,1,10,False,False,False,False,False,Percentage/Ratio
q85c994c2,0.16812753627111746,"In the year with lowest amount of Other operating revenues in Table 1, what's the increasing rate of Total fair value of RSUs vested in Table 2?",4,1,27,True,True,True,True,True,Aggregation (Sum/Total)
q85cc7e58,0.3903800499921017,"In the year with lowest amount of Interruptible sales in thousands of Dt Delivered, what's the increasing rate of Total firm sales and transportation? (in %)",4,1,26,False,True,True,False,True,Aggregation (Sum/Total)
q85cd693a,0.0,"What do all Cash and cash equivalents sum up, excluding those negative ones in Fair Value? (in million)",9,0,18,False,False,True,True,False,Aggregation (Sum/Total)
q85cfd724,0.0,"What is the percentage of all elements that are positive to the total amount, for Auto & Home?",6,0,18,False,False,True,False,True,Aggregation (Sum/Total)
