query_id,corpus_id
qd4982518,dd4c4fb38
qd49795a8,dd4befb5c
qd496f724,dd4c648e4
qd496f102,dd4bde26c
qd496f918,dd4bbbab4
qd49859fc,dd49816a4
qd4981d2a,dd496ed24
qd497d4aa,dd4befb5c
qd497e0ee,dd497e134
qd49850c4,dd4c4bc68
qd4982d6a,dd4bbc31a
qd498998a,dd4bf89fa
qd4977906,dd4ba91e8
qd498a6dc,dd497bae2
qd498f128,dd4ba60c4
qd4973770,dd4baf534
qd498d6fc,dd497d298
qd496d118,dd4bd5eb4
qd496f594,dd496f5c6
qd49825e0,dd4970e26
qd497a3b8,dd4c4bc68
qd497c528,dd4c5bdf2
qd498f394,dd4c4e0f8
qd4980326,dd4c51c44
qd498cc2a,dd4b94ed2
qd497b7e0,dd496f2ec
qd498ed9a,dd4ba3d92
qd498e660,dd4c1fcb2
qd498d5e4,dd497edaa
qd497c92e,dd4c37dd0
qd498c428,dd4bbb17c
qd4978d1a,dd4ba07d2
qd49792ba,dd4bbc040
qd4980a06,dd4980a42
qd4973c3e,dd4bdb3be
qd4986d0c,dd49797ec
qd498650a,dd498655a
qd498c8b0,dd49870ae
qd49781b2,dd4c51988
qd498b1b8,dd4c0d670
qd497214a,dd4bbe1b0
qd4972b4a,dd4972b86
qd4979c6a,dd4bdb65c
qd498c2de,dd498c338
qd496e4f0,dd496e554
qd4988300,dd49797ec
qd497b4e8,dd497b524
qd496fbca,dd4bc7b52
qd4970ce6,dd4970d36
qd49885da,dd4974620
qd4982112,dd4b973b2
qd498411a,dd4bd230e
qd498d21a,dd4c4fb38
qd4982770,dd4c1fcb2
qd498de22,dd4976a9c
qd498a5e2,dd4bb6b4a
qd498ce96,dd4b91048
qd497b95c,dd497b9d4
qd4978306,dd497774e
qd4988422,dd4977f8c
qd4981186,dd49811d6
qd4976d12,dd4976d62
qd4971344,dd4c3d78a
qd498cb30,dd4bc33e0
qd4989ac0,dd497b6a0
qd4987784,dd49877e8
qd4983b3e,dd4c5d6ca
qd497843c,dd4bd7caa
qd497feb2,dd497875c
qd4970de0,dd496ce98
qd498694c,dd49869a6
qd497fc46,dd4c36fde
qd496dc08,dd496dc80
qd498fc86,dd4bcff28
qd496f404,dd4b88498
qd49703d6,dd4bc2044
qd4974436,dd496fc06
qd4981bfe,dd497e4cc
qd4983256,dd4c04f66
qd496fd00,dd497d298
qd4988a76,dd4c1bfb8
qd497a926,dd4c0781a
qd498c090,dd498c0cc
qd4984a16,dd4973c8e
qd4970f34,dd4970f84
qd4971722,dd4b93d66
qd4987d7e,dd4bdf86a
qd496c9c0,dd4c5d6ca
qd49856aa,dd4985704
qd49867da,dd4ba60c4
qd4987b12,dd4987b58
qd497471a,dd497477e
qd498cd6a,dd49781f8
qd4978054,dd49780b8
qd49893e0,dd4b8ebcc
qd497b006,dd4bd05a4
qd498f47a,dd4c37dd0
qd496ecd4,dd496ed24
qd4988152,dd4980a42
qd498b99c,dd4ba48a0
qd496e07c,dd496e0d6
qd4977e06,dd4b8ce1c
qd498cfd6,dd4bf8c16
qd4979f26,dd497d504
qd4977410,dd4b8b4d6
qd498d90e,dd4bd5eb4
qd497ca32,dd496d15e
qd497cff0,dd497d036
qd496d3f2,dd496d44c
qd496eb76,dd4bce560
qd498be10,dd4ba72a8
qd497f1d8,dd4bc7db4
qd49779e2,dd4bd7caa
qd496ea54,dd4bdc4da
qd4979b34,dd4bc8c64
qd4978afe,dd4b924de
qd4989e12,dd4c195b0
qd498aace,dd4c50394
qd497d6c6,dd497d70c
qd498d85a,dd4972b86
qd497f58e,dd496ed24
qd498a4d4,dd4bbc040
qd4983a30,dd4bab3e4
qd498fe8e,dd49780b8
qd498458e,dd4c5f290
qd497b25e,dd4c08bd4
qd4984afc,dd4bb5d12
qd497dedc,dd498655a
qd4981e6a,dd496e554
qd4975aca,dd4ba5c0a
qd4983508,dd497ccb2
qd4985d26,dd4978f5e
qd496efe0,dd4bdb65c
qd498885a,dd4976808
qd497ed64,dd497edaa
qd49812d0,dd4b902a6
qd497a26e,dd4c5e048
qd497e878,dd4ba002a
qd4973504,dd4be1b9c
qd49770fa,dd4bea4b8
qd49878ce,dd4bd519e
qd498482c,dd497b524
qd497cb22,dd4b8ebcc
qd497da68,dd497da9a
qd497562e,dd4c22ebc
qd498b6d6,dd4ba6754
qd498eb10,dd496f5c6
qd498fd94,dd4b9cccc
qd496fa58,dd496faa8
qd4981640,dd49816a4
qd497eb2a,dd4976808
qd496cfc4,dd496d014
qd497d5c2,dd4ba002a
qd497d964,dd49763da
qd497729e,dd4971178
qd49813d4,dd4bb2b58
qd496df14,dd496df64
qd4973d42,dd4bc6b26
qd49704da,dd4970516
qd497cc6c,dd4bdd286
qd496e374,dd4bda02c
qd4975cf0,dd4975d4a
qd4983fc6,dd4984020
qd4983ea4,dd496ddd4
qd49879d2,dd4987a22
qd4987266,dd49872ac
qd4980204,dd497477e
qd4972c76,dd4bdf86a
qd498f858,dd4bd1d0a
qd4987c84,dd49869a6
qd497c672,dd497c6ae
qd498764e,dd4bb82e2
qd4978f04,dd4978f5e
qd49767c2,dd4c4fc1e
qd498f9c0,dd4c648e4
qd497d39c,dd4972b86
qd498540c,dd496d15e
qd4988d64,dd4ba302c
qd4982a22,dd4b973b2
qd496fe5e,dd496fea4
qd4984912,dd4c6528a
qd497d7e8,dd4bd153a
qd4985556,dd4b8b4d6
qd498efb6,dd4bb216c
qd497bbdc,dd4bbe2a0
qd498d30a,dd4b9dc1c
qd498a826,dd49869a6
qd497e5a8,dd4c03b7a
qd498e282,dd4c22ebc
qd496f2b0,dd496f2ec
qd4970778,dd4bca866
qd498fbaa,dd4c596a6
qd4976fc4,dd4bbc202
qd4984fac,dd4c52d60
qd49886d4,dd4bcd4da
qd497a0fc,dd497a156
qd4983918,dd4c5feac
qd497b650,dd497b6a0
qd498bcda,dd4bc8c64
qd4981776,dd497d14e
qd498e372,dd4c37dd0
qd496e64e,dd4b952d8
qd49708fe,dd4970944
qd498abe6,dd49736c6
qd497d266,dd497d298
qd497a84a,dd4973d88
qd4983c4c,dd4bdeac8
qd49714d4,dd4971510
qd498f204,dd4c439dc
qd497dcde,dd4c55cc2
qd497f9bc,dd4bef5da
qd496cb6e,dd4c0aa92
qd497ec92,dd497d298
qd496d8f2,dd496d938
qd498103c,dd4baf3ea
qd498043e,dd4bc654a
qd4980f24,dd4c355f8
qd4977be0,dd4977c4e
qd498a100,dd4b8ebcc
qd4975fb6,dd4bb82e2
qd49763a8,dd49763da
qd4985f56,dd4b88bfa
qd4983652,dd4983698
qd4975822,dd497587c
qd49846ec,dd4c4af66
qd49798f0,dd4c3c8e4
qd497c3de,dd4970944
qd4974012,dd4bcef88
qd4987018,dd49870ae
qd498b06e,dd49891e2
qd49860dc,dd4975e94
qd498aee8,dd497d298
qd497f0a2,dd4bf43a0
qd4972f78,dd4bb25d6
qd49768da,dd497692a
qd498a218,dd4c5739c
qd4970bd8,dd4c08bd4
qd497780c,dd4bc6856
qd4980c18,dd4c276ce
qd4984214,dd4c03b7a
qd497ef44,dd4c4cc62
qd496da50,dd4c17a26
qd496dd84,dd496ddd4
qd4977f3c,dd4bfabec
qd496d596,dd4bb5506
qd4990190,dd4bec0ec
qd496d758,dd4c5a9f2
qd497264a,dd4bdb65c
qd49863d4,dd4bc9a9c
qd498c194,dd4ba5fa2
qd498f6f0,dd4bc2e5e
qd497b11e,dd4bd3d9e
qd496d2b2,dd4979a3a
qd496e252,dd49797ec
qd497019c,dd4ba8662
qd497bf38,dd4b894d8
qd49733ce,dd4c4f7aa
qd49730fe,dd497314e
qd4976632,dd4976682
qd497dbb2,dd496dc80
qd498e02a,dd4bce1c8
qd498c572,dd4975250
qd498c7b6,dd497e760
qd49764fc,dd4bcebb4
qd49754ee,dd4b9cde4
qd498a38a,dd4c4b6be
qd498e4da,dd498e52a
qd497ddba,dd4c37dd0
qd497ac6e,dd497a3f4
qd498bb90,dd4be9ad6
qd49806fa,dd4c3a59e
qd497ae62,dd4be2862
qd4985b64,dd4b973b2
qd4988ff8,dd4b8d65a
qd49857c2,dd4c276ce
qd497f2fa,dd4bfabec
qd4980d76,dd4bf8c16
qd498664a,dd4ba2eba
qd498b85c,dd496cd4e
qd497c15e,dd4b87a02
qd497915c,dd4bd103a
qd4974ac6,dd4974b0c
qd4976b96,dd4971510
qd4980b0a,dd4bcd872
qd498e174,dd4b9f292
qd497611e,dd4c5d6ca
qd4989520,dd4bdbc06
qd4976a60,dd4976a9c
qd497f700,dd4bd1de6
qd4982b3a,dd4971510
qd497e238,dd497340a
qd498984a,dd4b9445a
qd4990050,dd4bb9458
qd49702b4,dd4bbc040
qd497ad40,dd4b94ed2
qd498eea8,dd497d70c
qd497fade,dd4ba398c
qd498dcd8,dd4975e94
qd4985312,dd496d5d2
qd497f46c,dd497774e
qd4986f00,dd497587c
qd498df58,dd497e760
qd4975be2,dd4be9c84
qd4984304,dd4b91f52
qd4977708,dd4bd2822
qd498e8b8,dd49749cc
qd4976e70,dd496faa8
qd4984476,dd49753cc
qd4975e44,dd4975e94
qd4976222,dd4bb407a
qd4974bca,dd4bda02c
qd496ccfe,dd4c3dc30
qd4974eae,dd4c648e4
qd497596c,dd4b99bf8
qd4983d78,dd4bace88
qd497c01e,dd4bbd8a0
qd4973eb4,dd4bc7db4
qd49729a6,dd4972a1e
qd4986230,dd4c32b8c
qd498088a,dd4c282fe
qd49745d0,dd4974620
qd49837ce,dd4983832
qd497c28a,dd4c247c6
qd49823ec,dd497848c
qd4974fc6,dd4984020
qd497a61a,dd4c25234
qd498f592,dd498048e
qd4984d72,dd4976a9c
qd498338c,dd4bfd69e
qd49851a0,dd4c5e048
qd4974986,dd49749cc
qd49830f8,dd4c4249c
qd497a750,dd4bd2732
qd498290a,dd4ba3af4
qd4988bc0,dd4c024aa
qd497e468,dd4c04c14
qd4971114,dd4971178
qd4988954,dd4b8ebcc
qd4987fcc,dd4bbe714
qd496e874,dd4c092e6
qd4973946,dd4c091f6
qd498ca04,dd4c657f8
qd49892dc,dd497774e
qd4982c20,dd4ba203c
qd497bde4,dd497be3e
qd498fac4,dd497edaa
qd496ee8c,dd4ba6754
qd497dff4,dd4ba91e8
qd4984c28,dd4c439dc
qd497e9a4,dd4c32894
qd498ada8,dd497587c
qd497fd2c,dd497fd7c
qd4981fc8,dd4bcc45e
qd497d0f4,dd497d14e
qd49858da,dd4c32894
qd496c6a0,dd4ba07d2
qd49800e2,dd4c2403c
qd497a4ee,dd4976682
qd4974878,dd4973c8e
qd497bcc2,dd4bb1f8c
qd498a97a,dd4970944
qd498c64e,dd4bb9458
qd498d422,dd497848c
qd4979db4,dd4ba3d92
qd4974d64,dd496f968
qd4986b4a,dd4c1e8a8
qd497f818,dd497f854
qd497b3d0,dd4c326a0
qd498150a,dd4b99bf8
qd497e724,dd497e760
qd497325c,dd49732c0
qd498ec5a,dd4bd25ac
qd497ce92,dd4970d36
qd4975110,dd4bcf42e
qd49799ea,dd4979a3a
qd4970034,dd4be9ad6
qd498dbb6,dd4b8d254
qd498e7a0,dd497314e
qd4970606,dd4bea4b8
qd4981a46,dd496f2ec
qd498ff92,dd49818fc
qd497cd70,dd4b94ed2
qd4973afe,dd497354a
qd497ba9c,dd497bae2
qd4989174,dd49891e2
qd497857c,dd4b92a2e
qd4987540,dd4bc7b52
qd4984e8a,dd4b90814
qd498bf64,dd498a524
qd497ffde,dd4bcff28
qd49818ac,dd4ba91e8
qd498e9f8,dd496d5d2
qd49805a6,dd4ba3d92
qd497977e,dd4b8af54
qd49789be,dd4976682
qd4982f22,dd4bcdaf2
qd4989f8e,dd4c13c64
qd496ce3e,dd496ce98
qd498d4f4,dd4bdf86a
qd4978842,dd4978892
qd4975386,dd49753cc
qd4970a48,dd4b9cde4
qd4978716,dd4c4e0f8
qd497942c,dd4985e7a
qd4977596,dd49775fa
qd4979030,dd4c57b08
qd498da94,dd4b92614
qd49742ec,dd4974328
qd4987eb4,dd4c44418
qd4973676,dd49736c6
qd4989c8c,dd4c1e8a8
qd49873e2,dd4987432
qd49751f6,dd4975250
qd497ab06,dd497ab7e
qd49741b6,dd4bb3ea4
qd498d0f8,dd497bae2
qd497c816,dd497c870
qd4988ecc,dd4b91b88
qd4982266,dd4c2afae
qd4985e34,dd4be8cbc
qd4989714,dd4b94856
qd2ac917a,dd2acce74
qd2aeff00,dd2af0432
qd2acfe6c,dd2ac410c
qd2ad28d8,dd2ad29c8
qd2ac61e6,dd2ac62ae
qd2acf836,dd2acf912
qd2abf012,dd2abfb48
qd2abbd7c,dd2abb8b8
qd2adb780,dd2adb5be
qd2ade0e8,dd2ade412
qd2adc6da,dd2adcc02
qd2ae6158,dd2ae654a
qd2ae56fe,dd2ae5e24
qd2addac6,dd2addca6
qd2af58c4,dd2af5afe
qd2ac8e0a,dd2ac8f0e
qd2b05f08,dd2b02da8
qd2adca40,dd2adcc02
qd2af2e3a,dd2af432a
qd2af4a50,dd2af432a
qd2b12b72,dd2b0b110
qd2abe6b2,dd2abe7ca
qd2adba1e,dd2adb5be
qd2adc342,dd2adcc02
qd2ac019c,dd2abff58
qd2ac297e,dd2ac2a28
qd2b0876c,dd2b08d20
qd2abb228,dd2abb3e0
qd2ad86c0,dd2ad88d2
qd2acde96,dd2acffb6
qd2ad110e,dd2ad1262
qd2abc7c2,dd2abb8b8
qd2acf4d0,dd2ace5a8
qd2b0536e,dd2b02da8
qd2abed24,dd2abedc4
qd2abb7e6,dd2abb8b8
qd2ae689c,dd2ae5e24
qd2ad7216,dd2ad741e
qd2ada61e,dd2adb5be
qd2ad76bc,dd2ad7824
qd2ac15c4,dd2ac0dd6
qd2ac3676,dd2af2336
qd2add4d6,dd2add62a
qd2ad44a8,dd2ad3fd0
qd2ae159a,dd2ae3dfe
qd2ad682a,dd2ad692e
qd2ac4dbe,dd2ac4ef4
qd2ac4530,dd2ac45e4
qd2ae758a,dd2ae0e2e
qd2aecf94,dd2aed41c
qd2ac5b24,dd2ac55e8
qd2ac13da,dd2ac1a1a
qd2ac0d22,dd2ac1a1a
qd2af258e,dd2af432a
qd2b0310e,dd2b03604
qd2afe1ae,dd2afe78a
qd2b1698e,dd2b16ef2
qd2ad18ca,dd2ad1a32
qd2ac0732,dd2ac07e6
qd2afa130,dd2afb88c
qd2aeaf50,dd2aeb658
qd2ace92c,dd2acffb6
qd2ac48d2,dd2ac49a4
qd2ad2568,dd2ad2306
qd2afbdf0,dd2afc3f4
qd2b02664,dd2b02da8
qd2ac3cc0,dd2ad2306
qd2abe9be,dd2abea5e
qd2af7502,dd2af6f08
qd2ac27b2,dd2ac285c
qd2abc4b6,dd2abc27c
qd2af095a,dd2af0c8e
qd2acda90,dd2acdc52
qd2af1134,dd2af432a
qd2abfa1c,dd2add242
qd2abd6b8,dd2abd7b2
qd2abd0e6,dd2abd17c
qd2adf038,dd2ae0e2e
qd2ad1d98,dd2ad2306
qd2add044,dd2adcc02
qd2aede94,dd2aeeb50
qd2af51e4,dd2af541e
qd2ac2cee,dd2ac2dac
qd2ac1970,dd2ac1a1a
qd2b14ff8,dd2b16146
qd2ad2fea,dd2ad3fd0
qd2abc9d4,dd2abc858
qd2ad6b68,dd2ad6d20
qd2ae942a,dd2abfada
qd2abe16c,dd2abe20c
qd2acfab6,dd2acfb9c
qd2ad21e4,dd2ad2306
qd2aebcc0,dd2aec936
qd2acefe4,dd2acffb6
qd2ae4664,dd2ae654a
qd2aef29e,dd2aef640
qd2ad8d5a,dd2ad2306
qd2ac0408,dd2ac04a8
qd2abf45e,dd2abf0b2
qd2ac516a,dd2ac5296
qd2ac1182,dd2ac0dd6
qd2b13fd6,dd2b0b110
qd2adb0c8,dd2adb5be
qd2abfeae,dd2abffc6
qd2ac3036,dd2ac285c
qd2ac5dea,dd2ac5eb2
qd2ac4328,dd2ae98d0
qd2ac6a74,dd2ac8626
qd2ad9e8a,dd2adc054
qd2ac2348,dd2abde92
qd2ad04a2,dd2ad061e
qd2abddb6,dd2abe7ca
qd2abcc68,dd2abb3e0
qd2ac403a,dd2ac410c
qd2adeba6,dd2aded90
qd2aff090,dd2afb88c
qd2acd50e,dd2acd630
qd2b09220,dd2b0b110
qd2adbde8,dd2adb5be
qd2af6198,dd2af679c
qd2ac6632,dd2ac62ae
qd2ad7b9e,dd2ad7e46
qd2ac89be,dd2ac8626
qd2b03ffa,dd2b05170
qd2af962c,dd2afc3f4
qd2ad8a6c,dd2adb5be
qd2afcbec,dd2afdaa6
qd2ac5516,dd2ac55e8
qd2ad504c,dd2ad3fd0
qd2ac3202,dd2ac2dac
qd2ac201e,dd2ac20d2
qd2ad097a,dd2ad0b46
qd2ac5818,dd2ac58e0
qd2ac2582,dd2ac262c
qd2ac3446,dd2ae790e
qd2ac39be,dd2abf0b2
qd2ac0fa2,dd2ac1a1a
qd2affacc,dd2b01854
qd2abc1e6,dd2abc27c
qd2b1771c,dd2b17c3a
qd2ad4a7a,dd2ad3fd0
qd2af3e34,dd2af432a
qd2ade660,dd2ade854
qd2aea6a4,dd2aeab5e
qd2adb442,dd2adb5be
qd2ac09da,dd2ac0a84
qd2ae821e,dd2ae86ba
qd2af6b48,dd2af6f08
qd2ac1ba0,dd2ac147a
qd2b0739e,dd2b07a56
q00001,MSFT20230216
q00002,PG20230863
q00003,MSFT20230025
q00004,MSFT20230010
q00005,MSFT20230254
q00006,MSFT20230467
q00007,LIN20230839
q00008,ADBE20231120
q00009,ADBE20231907
q00010,UNH20230282
q00011,AMZN20230285
q00012,ADBE20230283
q00013,ADBE20230435
q00014,ADBE20230435
q00015,CPNG20230991
q00016,CPNG20230677
q00017,DAL20230608
q00018,CPNG20230509
q00019,CPNG20230539
q00020,CPNG20230644
q00021,CPNG20230658
q00022,PG20230527
q00023,CPNG20230509
q00024,LIN20230324
q00025,LIN20232009
q00026,LIN20231057
q00027,LIN20230080
q00028,LIN20231195
q00029,LIN20231718
q00030,LIN20230071
q00031,LIN20230218
q00032,LIN20230712
q00033,LIN20231477
q00034,LIN20230324
q00035,ORCL20230403
q00036,ORCL20230709
q00037,ORCL20230400
q00038,ORCL20231128
q00039,LIN20230556
q00040,ORCL20230638
q00041,DAL20231807
q00042,ORCL20230941
q00043,JNJ20231467
q00044,ORCL20230068
q00045,NVDA20230009
q00046,NFLX20230239
q00047,V20231442
q00048,NVDA20230715
q00049,PG20230393
q00050,PG20230241
q00051,V20231442
q00052,PG20230024
q00053,PG20230277
q00054,BRK.A20230281
q00055,PG20230151
q00056,UNH20230282
q00057,PG20230171
q00058,PG20230171
q00059,PG20230174
q00060,PG20230174
q00061,PG20230240
q00062,PG20230221
q00063,PG20230241
q00064,PG20230267
q00065,PG20230527
q00066,PG20230393
q00067,PG20231215
q00068,JNJ20231848
q00069,JNJ20231203
q00070,JNJ20230478
q00071,PG20230171
q00072,PG20230267
q00073,PG20230171
q00074,DAL20230073
q00075,DAL20231360
q00076,DAL20230365
q00077,DAL20231612
q00078,DAL20230466
q00079,DAL20230036
q00080,DAL20230424
q00081,DAL20230223
q00082,LIN20230557
q00083,JNJ20231417
q00084,DAL20231451
q00085,DAL20230403
q00086,DAL20230858
q00087,DAL20231091
q00088,GOOGL20230999
q00089,TSLA20230362
q00090,TSLA20231475
q00091,LIN20230557
q00092,TSLA20230343
q00093,TSLA20230011
q00094,NVDA20231270
q00095,TSLA20231458
q00096,BRK.A20231679
q00097,AMZN20231108
q00098,TSLA20230343
q00099,NFLX20230772
q00100,NFLX20230258
q00101,NFLX20230688
q00102,NFLX20230990
q00103,NFLX20230390
q00104,GOOGL20231043
q00105,NFLX20230268
q00106,PG20230313
q00107,NFLX20230749
q00108,MSFT20231610
q00109,HD20230024
q00110,HD20231485
q00111,HD20230163
q00112,LIN20231106
q00113,HD20230021
q00114,DAL20230462
q00115,HD20230410
q00116,NVDA20230728
q00117,CPNG20231023
q00118,ADBE20230559
q00119,AAPL20230004
q00120,AAPL20230251
q00121,TSLA20231108
q00122,MSFT20231610
q00123,ORCL20230520
q00124,AAPL20230094
q00125,HD20230423
q00126,DAL20231431
q00127,AAPL20230882
q00128,TSLA20231108
q00129,ORCL20230518
q00130,AMZN20230482
q00131,AMZN20230757
q00132,AMZN20230808
q00133,JPM20232124
q00134,AMZN20230837
q00135,AMZN20231110
q00136,GOOGL20231675
q00137,AMZN20230349
q00138,AMZN20230028
q00139,AMZN20231106
q00140,ORCL20230160
q00141,AMZN20230042
q00142,AMZN20230246
q00143,AMZN20230742
q00144,AMZN20230706
q00145,AMZN20230747
q00146,LIN20231106
q00147,AAPL20230222
q00148,HD20230067
q00150,META20230315
q00151,META20230316
q00152,META20230298
q00153,META20230007
q00154,META20230203
q00155,META20230799
q00156,META20230801
q00157,META20230805
q00158,JNJ20231866
q00159,JNJ20230257
q00160,JNJ20231026
q00161,JNJ20230232
q00162,AMZN20230285
q00163,JNJ20230025
q00164,JNJ20230251
q00165,JNJ20230636
q00166,JNJ20231446
q00167,JNJ20230356
q00168,TSLA20230485
q00169,JPM20236040
q00170,JPM20231205
q00171,JPM20231968
q00172,JPM20238462
q00173,JPM20231228
q00174,JPM20230668
q00175,JPM20230026
q00176,JPM20237274
q00177,JPM20231259
q00178,JPM20230009
q00180,V20231549
q00181,V20230020
q00182,V20231002
q00183,V20230133
q00184,NVDA20230276
q00185,JPM20231167
q00186,V20230475
q00187,V20231372
q00188,V20230108
q00189,UNH20230014
q00190,UNH20230429
q00191,UNH20230329
q00192,JPM20233321
q00193,BRK.A20230284
q00194,UNH20230428
q00195,UNH20230321
q00196,UNH20230312
q00197,UNH20230329
q00198,JNJ20230545
q00199,GOOGL20231945
q00200,GOOGL20230055
q00201,GOOGL20230145
q00202,GOOGL20230612
q00203,GOOGL20231945
q00204,GOOGL20231945
q00205,ADBE20230524
q00206,GOOGL20231043
q00207,GOOGL20231147
q00208,GOOGL20230121
q00209,BRK.A20230640
q00210,BRK.A20230288
q00211,BRK.A20230460
q00212,BRK.A20232401
q00213,BRK.A20230920
q00214,BRK.A20230028
q00215,BRK.A20230404
q00216,BRK.A20230869
q00217,BRK.A20230062
q00218,BRK.A20230063
q61676968,d616769d6
q6165d620,d6165d666
q616523c4,d61e97bba
q6168676e,d61dd6406
q616abdde,d61d439ee
q616a3986,d6165e9e4
q61667c92,d61d8452a
q61671ce2,d61cf8a02
q616a1438,d6167f63a
q6165fe2a,d61d4ca58
q6167d60a,d61657130
q61687ba0,d61cf2300
q6167e154,d61db6b9c
q61671e90,d61cefdb2
q61689f9a,d61d308da
q6165cc3e,d61d2d068
q61650c9a,d61650ce0
q616652b2,d61d4e56a
q6165bd20,d6165bd5c
q616835be,d6166cea4
q6167ef50,d61d55f7c
q616ac1da,d616950b6
q616972da,d61d857e0
q6168d668,d61da31c8
q6167acb6,d61eacd80
q616559de,d61d3d706
q6169d3a6,d6169d40a
q616707e8,d61d45fbe
q61650092,d61df03f6
q6165e12e,d61650ee8
q61657d88,d61657de2
q61696272,d61652ff4
q6169bc9a,d61d84b92
q6167ca5c,d61673dee
q61676be8,d6165e3e0
q61691aba,d61d47e04
q616a51b4,d61dd0c54
q61679712,d61d912b6
q61690d90,d6165b10e
q61684dec,d61d3482c
q6168dda2,d61d314d8
q616a8e0e,d6165d030
q61674ad2,d61db74fc
q6165e39a,d616614dc
q616a95e8,d61d61976
q616a0ef2,d616606d6
q6166f730,d61658206
q6166f5c8,d6166f622
q61692f6e,d6167e6f4
q61672b88,d61d72b2c
q616736fa,d61d912b6
q6167f32e,d61d7b18c
q6167642c,d616536fc
q61667e90,d616644ac
q6165539e,d616553ee
q6164fd5e,d6164fd9a
q616531f2,d61cfe97a
q616a2068,d61d6206a
q6169567e,d61ea1048
q61664fc4,d61d7ceec
q616aafc4,d61d84b92
q616ad26a,d61657de2
q6166021c,d6165725c
q616a917e,d616749e2
q61672a5c,d61663dfe
q616600e6,d61cfbc98
q61686f2a,d61def08c
q6169b92a,d6167e6f4
q6165cfd6,d61e4096e
q616aaa4c,d6168b11a
q61688a00,d6166f3e8
q61686ba6,d61665db6
q616994d6,d61d71fb0
q61669222,d6166224c
q6165ec14,d6165ec6e
q61692e88,d6167f63a
q61659110,d61dc5a8e
q6166203a,d61668eda
q616ac450,d61674046
q616678dc,d61693946
q616a4da4,d61d52c32
q616a7bee,d61dfd22c
q616560fa,d61cf29b8
q61661bda,d616580b2
q6168fb34,d61daf306
q616a6afa,d61d7ab2e
q61697654,d61672692
q6166ee7a,d61d8ed2c
q6167068a,d61dbcee8
q616625bc,d6166b856
q616a6ec4,d61d54bcc
q616615b8,d61ea1048
q61697442,d6166f3e8
q61670e46,d61655132
q616a31c0,d61db1ad4
q6169f264,d61d912b6
q61689018,d61671260
q6168f2ec,d61655132
q61682600,d61d78dce
q6165b1fe,d61d519cc
q616ab852,d61d697d4
q6169a3fe,d616760d0
q616989aa,d61d8301c
q6168ff6c,d61daf306
q61687966,d61de7a4e
q61694850,d61653f9e
q6168e6c6,d61e243f4
q6169b466,d61d4a7d0
q61695552,d61d0d420
q61688b68,d61671120
q6165b0c8,d6165b10e
q6165520e,d6165525e
q61694bca,d61dba49a
q61693a36,d61680d6e
q616607c6,d61d04a82
q61670428,d61d2b362
q61699a76,d61699ada
q616938f6,d61652ff4
q61668142,d61d61386
q616817fa,d61dc85a4
q6168193a,d61cf3a48
q6167abbc,d61d4eba0
q6168bb1a,d61651bfe
q61690f8e,d61d37392
q61652e1e,d61652ea0
q6168b9bc,d61e1a4a8
q616992ce,d61d60f58
q6169589a,d61dcf764
q616604ec,d61654fe8
q61699fb2,d6169a002
q6166bf4a,d61cf6f72
q616a93ae,d61e09ba8
q6167a0b8,d6165996c
q6166dfac,d61d2b092
q6169e8fa,d61df8826
q616906e2,d61d9bf22
q616a44a8,d61cefb6e
q61665bfe,d61d2a23c
q616a2770,d61d9f550
q616a2f2c,d61668516
q61661e96,d61cf1f0e
q61671fa8,d61d46a22
q6166e240,d6166e29a
q616a5e2a,d61df903c
q616ab1ea,d61d6ecc0
q6169ab10,d61d938f4
q61696d26,d61dde570
q61693e3c,d61cefb6e
q6168dfbe,d61669894
q6167fb62,d61d80e70
q61696a1a,d61655808
q61687312,d61d72460
q61694a80,d61671260
q61672796,d61d566ca
q61672e9e,d61d29f26
q61660b22,d61d6a7c4
q61669844,d61d69f5e
q6166f14a,d6165bf50
q61660c58,d6165e656
q6169d072,d61ceeec6
q6168d550,d61d47418
q6168cd6c,d61674046
q6165eaa2,d61d4e646
q6169c1b8,d61d30204
q6165a484,d61d4f8ca
q616637b4,d61d816a4
q6167462c,d61cfe146
q61658062,d616580b2
q61688da2,d616614dc
q6168ad50,d61cf7436
q616a6d98,d61d13dac
q6165d3aa,d6165b23a
q61686dae,d6165ba6e
q616a9ae8,d61674046
q61682ab0,d6165241e
q6168c5e2,d6165db98
q61662dc8,d61d88f94
q6165ff74,d61dbf544
q616aa420,d61661aea
q616965d8,d6165943a
q61695070,d61ea9748
q6169ffb6,d6167248a
q616761c0,d61cfe5b0
q61661a9a,d61661aea
q616a09d4,d61dc2ffa
q6166474a,d61d9f550
q616a45ca,d61dd8968
q61673038,d6167309c
q61671918,d61db1692
q61691948,d61691998
q61683fc8,d61dc566a
q616944ae,d61dfd0ba
q616557d6,d61655808
q6167e550,d61d4611c
q61680d3c,d61680d6e
q616937d4,d61dcbef2
q6168508a,d61d782a2
q616a3dc8,d61cf952e
q616a9c1e,d61cf30b6
q6169495e,d61e090ea
q61668930,d61def08c
q61684a04,d61da2782
q6166d26e,d61d4008c
q61695408,d61d4a078
q6168c1fa,d61d82e0a
q616709d2,d61dcf764
q61694d00,d6165e9e4
q616a151e,d61d45316
q61691c68,d61d39c46
q61683ee2,d61d82504
q616a4b24,d61d5b0e4
q616913b2,d616913ee
q61682cb8,d6167c0d4
q61676332,d61d6be8a
q61690976,d61d3c23e
q61667382,d616673dc
q616775c0,d61d97094
q61689220,d61d4f8ca
q6166e79a,d61da5dd8
q61672228,d61d11cfa
q6168f6ca,d61d6206a
q61659278,d61d6f954
q61680fd0,d61681034
q6166ba0e,d6166ba4a
q6165a312,d6165a36c
q616550f6,d61655132
q6168a7a6,d61657de2
q6169f174,d616913ee
q61682722,d61d74e9a
q61674c08,d6165556a
q61663a2a,d61df2a0c
q61691510,d61d2d068
q61688032,d61661aea
q61698054,d6166369c
q616ac04a,d61dcbef2
q61693d10,d61d43b92
q61696aec,d61d11cfa
q6168ab34,d61d4ca58
q6165dfee,d61dabda0
q61698360,d61e06b88
q61689694,d61654d5e
q61662cc4,d61db3a78
q616a6096,d61650524
q616575f4,d6166369c
q616a43cc,d6165c9a0
q616702de,d616596b0
q616793ac,d61dbff3a
q6165144c,d61651488
q6166e678,d6166e6c8
q6166e9d4,d61cf8660
q616a2e28,d61e15df4
q6166134c,d61d49c72
q61654912,d61d29cb0
q61678358,d61d2c294
q61675748,d6167082e
q6169a886,d61dd1c08
q6167f608,d6167f63a
q61674992,d616749e2
q616a7d38,d61d2d068
q616610e0,d61d1579c
q6169d9be,d6169da04
q616876d2,d61667ce2
q6168617e,d61661aea
q616715e4,d61d9f550
q6165394a,d616539a4
q6168740c,d61dcf764
q6167294e,d61654976
q6169e3c8,d61691998
q61682baa,d61d4a8c0
q6167c476,d61db1214
q6169d16c,d61d3c16c
q6167af36,d61d38b8e
q616a1f1e,d61650830
q6168b34a,d61d2f20a
q61669fa6,d61669fec
q6165f6d2,d61d3c7b6
q6168c0c4,d61d29ba2
q61684f0e,d61de4f10
q616ad0b2,d616760d0
q6166cfd0,d616592c8
q6168461c,d6167a824
q61661982,d616619d2
q61676b0c,d61def294
q6169311c,d61d3f7a4
q616a8c4c,d61659ab6
q616a117c,d61da9b2c
q61679f3c,d61ddbf14
q6167bf30,d61e8debc
q61687f38,d61659f02
q6166a41a,d6166e6c8
q61693f90,d61d45942
q6166ff6e,d61d37392
q616710b2,d61671120
q616868b8,d61d10666
q61677282,d61cf3a48
q6167b986,d61d014d6
q6165894a,d61d53ff6
q6166b266,d61cfc8fa
q616985fe,d61d96928
q6166fcc6,d61dbe464
q61672c96,d61d316ae
q6169dacc,d61cf0de8
q616a0d6c,d61e1f3e0
q6166b3ba,d6164fd9a
q6165dea4,d61d36960
q61665528,d61d6a7c4
q61692be0,d61d30808
q61657ee6,d61d45aaa
q6169c794,d61d359ca
q616acb12,d61d388dc
q6168d0fa,d61d30808
q61680abc,d61ddd210
q6166ce54,d6166cea4
q616578a6,d61de7206
q616aa042,d61d2912a
q6168c8da,d61e99514
q61650326,d61d64676
q616903a4,d6165f5ec
q61695354,d6165b74e
q616a8684,d61e0b476
q616a30c6,d61cf3b74
q6167be18,d616680b6
q6167a4e6,d6167a54a
q6167c1e2,d61dd8166
q61695214,d61dbec5c
q616584fe,d61dbf544
q6166e3bc,d616687c8
q616a845e,d61d439ee
q6167d132,d61d86cc6
q6167e7ee,d616515c8
q61687826,d61ddc3a6
q6167c336,d61d49c72
q6168e39c,d6167ace8
q616526bc,d6165270c
q6165b33e,d61657130
q6167f8c4,d61e89d1c
q6165ef02,d61d5aa18
q6166d390,d61d9aa64
q61673a1a,d61650524
q6165bbfe,d61e3da84
q61676d00,d61d195d6
q61651a32,d6165b23a
q6168c2fe,d6166c544
q6169a232,d61d7d482
q616ac630,d6165d4fe
q6166fbae,d61d308da
q616a877e,d61df903c
q61663188,d6166a47e
q616a5f60,d61d625ba
q61653594,d61d5a950
q61682038,d61d057de
q6167586a,d6165725c
q61687524,d61d2bc72
q6169435a,d61cf7846
q616988b0,d61d5559a
q6166b130,d61d8301c
q6165f1fa,d61d80e70
q6166a6ae,d6165b23a
q61668070,d61dbba2a
q616708f6,d61659156
q616968d0,d61e25042
q616741b8,d61db19bc
q616967e0,d61663dfe
q61684b30,d61d90d8e
q616a5af6,d61d308da
q6166295e,d6166299a
q616536b6,d61d78dce
q616acd6a,d6165fb0a
q6166b022,d61df03f6
q61666180,d61d99f92
q6167360a,d61655bb4
q6165f984,d61d9c044
q6169d66c,d61e0f3e6
q61697c94,d61d85d80
q6168c7f4,d61deb0b8
q6166c882,d6166c8e6
q616a17c6,d61d5c76e
q6165381e,d6165385a
q6167c80e,d61dcd93c
q61688c76,d61d3f362
q61699bde,d61d02c50
q61668cd2,d61668d2c
q616847e8,d61dcd93c
q6167b260,d61d6e5ae
q6169eb48,d61dd8968
q616a80ee,d61e0b476
q6168bf70,d61d29f26
q616a7fe0,d61dcf764
q6167488e,d616606d6
q616aa196,d616673dc
q6165cda6,d6165cdec
q61681ca0,d61657130
q616a46d8,d61d2d068
q616a6668,d6166a820
q6166a988,d61669682
q61664c36,d61db91d0
q6169e242,d61d3acd6
q6168c3d0,d6165ae20
q61667f8a,d61e8d5d4
q61652f9a,d61652ff4
q6166bc34,d61ddc3a6
q6166596a,d61cf8a02
q61659ffc,d61d938f4
q61654e58,d61d66390
q6169977e,d61660dfc
q6169203c,d61d9f550
q616ab744,d61d3d5bc
q61675ab8,d6165ae20
q6166ab68,d6165f254
q6166b496,d6165e052
q61696024,d6165241e
q61670acc,d61670b1c
q61678538,d61cf29b8
q6167dfec,d6165c9a0
q61663002,d61d4f438
q616a61d6,d61e23206
q616a32ba,d61d44d30
q61664646,d61664696
q6168d7e4,d6167a2a2
q61666c52,d61d38512
q616530a8,d616530f8
q6165b5dc,d61db3a78
q6166708a,d61da43e8
q6168948c,d61d66390
q6168b8c2,d61d3782e
q616683cc,d61d96612
q6167ecd0,d61e0de88
q6167b620,d61660816
q6165c4a0,d61d3ef20
q61689b26,d61d140f4
q616a4296,d61cf8a02
q6166fdd4,d6165b10e
q616966c8,d61d66cf0
q61656852,d61d912b6
q6169cbe0,d6166299a
q6165cee6,d61d857e0
q6167c098,d6167c0d4
q616a6960,d6165d666
q61691ed4,d61db1ea8
q6165db48,d61d6e694
q616945b2,d61668516
q61663ec6,d6165d030
q61659660,d61d7acfa
q61687a42,d61650524
q61696146,d61668516
q61668fa2,d6165525e
q61674000,d61674046
q6165c7c0,d61d708ea
q616a219e,d61d45316
q616ab492,d61da901e
q6167f04a,d61d9d53e
q6165adc6,d6165ae20
q6166c29c,d61d370c2
q6166625c,d616662b6
q616511b8,d616511fe
q6168658e,d61d3fa1a
q616a8b2a,d61db31a4
q61663c96,d61663ce6
q6166f276,d61d71060
q61672d5e,d61d2d5b8
q6165acb8,d61d36df2
q616621fc,d61e090ea
q6169221c,d6165defe
q616a487c,d61669682
q61659dae,d61651bfe
q616a1cbc,d61da347a
q616518a2,d61d71c54
q616570e0,d61e33962
q6169b27c,d61e16e20
q61665a5a,d61d84b92
q616a62e4,d61d9aa64
q6166f834,d61d4fcb2
q6169b33a,d61654c3c
q61656712,d61d4fcb2
q616a52d6,d61d3745a
q6165770c,d6165525e
q6167fa2c,d6165d666
q616854fe,d6167a54a
q6168a6ac,d6167deca
q6169b16e,d61d30808
q61666400,d616595a2
q61679d5c,d6168290c
q616ac342,d61d4ef74
q6165ba28,d61d99f92
q6169ed00,d61d7166e
q6169ce10,d61d5559a
q616a4c50,d61d2b092
q6169b7fe,d61d84b92
q61683cbc,d61cf7436
q61667b34,d61d42ada
q616995f8,d61cfa6c2
q6169dd9c,d61671260
q61654f98,d61654fe8
q616abcbc,d61d6b3fe
q61657324,d61d50f40
q61664880,d6166299a
q6167ced0,d61d3c23e
q61673ed4,d61da42d0
q616870a6,d61d33328
q6165fbfa,d61d93ffc
q6167442e,d61dcd93c
q6169e026,d61651488
q616541ec,d61652ff4
q6169ee68,d6165b8c0
q616750c2,d61d0262e
q61668606,d61cf29b8
q6169bf74,d61652ea0
q61663642,d6166369c
q6166ed80,d6165e656
q6168e0c2,d61d317a8
q6165e610,d6165e656
q61690a84,d61dabc6a
q6165aa10,d61cf2300
q6169a76e,d6169a7be
q616765c6,d61d4f5d2
q616aae8e,d6169f412
q6167bada,d61da5338
q61682f10,d61d2d50e
q61680832,d61d71da8
q61678fce,d6167900a
q6168fd6e,d61e1af0c
q6166b810,d61e090ea
q616a3878,d61d297ce
q616848e2,d61dd0af6
q6166efc4,d61e9c570
q61653364,d616520ea
q6169bb46,d61d5f63a
q6168dc6c,d6165b74e
q616565d2,d61656604
q6167a248,d6167a2a2
q6167fca2,d61d5d6fa
q6166035c,d61d4fcb2
q61681b92,d61cf8f20
q61652090,d616520ea
q616a2504,d61db2db2
q61699198,d61d296f2
q6166e89e,d6166e8e4
q61659548,d616595a2
q61655dc6,d61d8c270
q616a7e8c,d61d5aa18
q6165d76a,d61d47fda
q616a33fa,d61da9438
q616abf46,d61cfff00
q6167a63a,d61670f9a
q616a49b2,d6169d40a
q616a00b0,d61e0adb4
q61685ab2,d6168290c
q6168afbc,d61e1f3e0
q616963a8,d61661aea
q61683a0a,d61d195d6
q616aad62,d61d2d068
q61651320,d61d876bc
q6169d752,d61df2a0c
q6167daa6,d61d5bfb2
q61655f24,d61d3cba8
q616a99c6,d61687736
q6165c5f4,d6165c626
q6165face,d61db1dc2
q61674302,d61d2af70
q616ac766,d6165c25c
q6169110a,d61e35faa
q6167bbe8,d6166e8e4
q61692d3e,d61d8b7e4
q6168119c,d6167309c
q616a9d9a,d61d4ef74
q616a9700,d6169da04
q61685404,d61dddbc0
q61693b4e,d61693b8a
q61659a66,d61d99cae
q6164fbf6,d61d59f28
q61672642,d61672692
q6168577e,d616857ce
q6169283e,d61d093ac
q6168fc60,d61d3ef20
q6169e77e,d61d8d170
q6168b782,d6165e656
q6165d4b8,d6165d4fe
q616a22d4,d616580b2
q61674df2,d61d6cee8
q6168e5fe,d61d3c23e
q6169efda,d6166a820
q616a12d0,d61693b8a
q61668e76,d61668eda
q6166be6e,d6165385a
q616899c8,d61658206
q616581ca,d61658206
q61688154,d616881ae
q616840ae,d61d73522
q6169fe8a,d61ddd210
q61658396,d61d5a766
q61669db2,d61de7a4e
q616521a8,d61d358da
q61693234,d6167c0d4
q616acc3e,d6169f412
q61698ac2,d61657f36
q61696c0e,d61d57a48
q6165bee2,d61def08c
q61692a96,d616596b0
q61657ab8,d61dd4a48
q61692758,d61d3982c
q61691dee,d61d857e0
q61691236,d61659c0a
q61664452,d616644ac
q6167287c,d61666b6c
q6165a880,d61d4951a
q6165f0c4,d61d4aac8
q6167a3d8,d61cfa6c2
q61685e04,d6165ef8e
q6166c166,d61da770a
q6169cf1e,d6169ca1e
q6167d4c0,d61db8f78
q61669632,d61d77df2
q61653cb0,d61e5a97c
q616acf4a,d61da9258
q6166b572,d6166369c
q616ab0c8,d61ea9748
q616869a8,d61d44538
q616a56be,d616540de
q616679fe,d61e46404
q61689d7e,d61cf8a02
q61655b6e,d61655bb4
q616ac9a0,d61d6ecc0
q6168a38c,d61d8b7e4
q616a3652,d616580b2
q616a7a90,d61d670c4
q616a04c0,d61d53af6
q616731e6,d61d37392
q6169a9da,d61680d6e
q6169a0ca,d61d82e0a
q616632d2,d61d50f40
q61696fb0,d61dcf764
q6165a682,d6165a6dc
q61686c96,d61669fec
q616554fc,d6166c08a
q616a0754,d6166eb32
q6167e24e,d61d2c4b0
q61671210,d61671260
q61695c96,d61d2a23c
q61695e76,d61cf1a9a
q61673c68,d61d8650a
q61688ed8,d6165556a
q6165d24c,d61d408ac
q616699ca,d61663980
q616a1e24,d61dd0fc4
q616a6578,d61cf29b8
q616abac8,d61dcf764
q616a0c36,d61d9aa64
q6167c93a,d6165996c
q616a3ed6,d6166e8e4
q6165b712,d6165b74e
q6165a178,d61da796c
q61659908,d61d3c432
q6169c8ca,d61d7567e
q6165c202,d6165c25c
q61693694,d61cfb3d8
q616a1668,d61d46ff4
q61699e04,d61d46a22
q616788e4,d61e2511e
q61676e18,d61d4021c
q6167aa86,d6167aacc
q61655664,d61ddd210
q6167c5f2,d61dbca42
q61680274,d61dcf764
q616959b2,d61d6dea6
q61680558,d61668eda
q616a5c18,d61d9aa64
q6166cb66,d61d6f954
q616964d4,d61666b6c
q616885fa,d61de7620
q61656b54,d61d91928
q616823d0,d61d68a78
q616a9e9e,d61d3d5bc
q6166564a,d61661aea
q61685d14,d61e1ee40
q6164f962,d61cf8a02
q6167707a,d61d174ca
q6166120c,d6166125c
q61672318,d61d7c7b2
q616ab604,d61687736
q6167d27c,d6166b856
q616734b6,d6166f3e8
q61669c9a,d61de3480
q616a3760,d6167fbbc
q6167fe1e,d61e33dd6
q61680eae,d6167331c
q61666040,d61cfd99e
q6165e2d2,d616535da
q61676076,d616760d0
q61670540,d61670572
q616a9854,d61d13dac
q616a08d0,d61ea9748
q6165d8a0,d61d4677a
q6166e100,d61d6cee8
q6165d9e0,d61d71060
q6167b47c,d6165c82e
q61664ae2,d61d90d8e
q6169a50c,d61cf6cac
q6169af02,d6166e29a
q616ad18e,d61de2f94
q6166a096,d61652ff4
q616a6c12,d61d87d74
q616981ee,d61668eda
q616887b2,d61d4e56a
q616ab9a6,d6166369c
q616898a6,d6166af5a
q61669466,d61d42c2e
q616a0628,d61cfbc98
q6168d8fc,d61d671a0
q6168bc46,d61d5b0e4
q61678e66,d61d9bf22
q6167f734,d61d5fe28
q6166677a,d61e12a64
q61686282,d61d75386
q616851fc,d61d782a2
q61652a68,d61d818b6
q616714c2,d61dbe464
q6166ec4a,d6166ace4
q61653486,d61d690f4
q61678682,d61da7804
q61665d48,d61657130
q61685616,d6165f5ec
q616a01fa,d61ea1048
q6166a550,d61d34b56
q616684d0,d61668516
q616794a6,d61cffd7a
q6168db2c,d61d6be8a
q616671de,d61668eda
q616a0394,d61db15ca
q6165e750,d6165d4fe
q6168003a,d61d4c954
q6165f2fe,d6165f344
q616a7982,d61dad222
q6166d4c6,d61da4e88
q6169776c,d61d04a82
q61672444,d61d56ed6
q6168dece,d616749e2
q6166fa8c,d61d9bf22
q6167d722,d61d2af70
q616925a0,d61d34a7a
q6169aff2,d61d0be54
q6168f97c,d61e3b43c
q616a704a,d61dbcee8
q616720c0,d6166041a
q6165e4e4,d61d9b1c6
q61688334,d61652ea0
q616569d8,d61da2782
q61694ef4,d6169da04
q616504de,d61650524
q6166ad98,d61d4c954
q616828bc,d616515c8
q616a2a68,d61e91d5a
q61684c52,d61684cb6
q616957be,d61680d6e
q61650984,d61e4b80a
q61675c3e,d61d314d8
q61656dde,d61656ce4
q6165ab46,d6165ab96
q61680148,d61df2a0c
q6167455a,d6164fd9a
q6166391c,d61663980
q6169ba4c,d61dea83e
q6166c76a,d61daf306
q61657c52,d61d10d5a
q616545a2,d61d439ee
q6168da3c,d61db1430
q6167f202,d61e969ae
q6166bb12,d61d7b18c
q616a835a,d61d697d4
q6169b650,d616749e2
q6169bdf8,d6167082e
q616a4eda,d61e5a97c
q6168d26c,d6168643a
q6167e690,d6167e6f4
q61699ce2,d616596b0
q6165e9a8,d61d1bb2e
q6168ec84,d61d0d420
q6166af00,d61d53ff6
q6165e1f6,d6165e3e0
q6168586e,d61d88ad0
q6166aa6e,d61d3ebe2
q6168bd72,d61dca9ee
q61695f5c,d61652ad6
q61674d0c,d6166655e
q6168ea40,d61d3fd94
q6168317c,d616831c2
q6166f38e,d6166f3e8
q616640d8,d6166a820
q6169ac64,d61e291b0
q61675e96,d61656fc8
q6169471a,d61d91928
q61687e2a,d61666b6c
q6168efae,d6168effe
q61678cf4,d61d711aa
q6165e854,d61e12a64
q6167924e,d61d316ae
q61691678,d61d640e0
q61670f40,d61670f9a
q61662aa8,d6165f11e
q6166c03a,d61dd1c08
q61660f14,d61cfdcfa
q61698f54,d61664b46
q61673d94,d61673dee
q6167bd1e,d61673dee
q61660a1e,d61660a50
q616a8efe,d61cfe146
q616586ca,d61d0262e
q61698dec,d61691998
q6167ff36,d61650236
q61680c06,d61d4984e
q6167cdd6,d61658864
q6165edd6,d61d53af6
q616608d4,d61e205b0
q616829f2,d61655132
q616904bc,d61dc9a3a
q6166143c,d616614dc
q616a76f8,d61dc5a8e
q616516e0,d6169da04
q6168a468,d61dcb1c8
q616998fa,d61dcd93c
q616649c0,d61d5c336
q6167474e,d61674780
q6165475a,d61dec6f2
q616a2c02,d61d37392
q61656cb2,d61656ce4
q616a2cf2,d61cf268e
q6169c672,d61e0f3e6
q6167525c,d61d3c432
q61664588,d61d6c556
q616a885a,d61dd18de
q6167dd08,d61d7b18c
q61683078,d61dfd22c
q61696e34,d61d67c54
q616a353a,d61dc4530
q61663fde,d61d45fbe
q616522de,d616515c8
q61697b90,d61670b1c
q61651578,d616515c8
q61669eac,d61d335ee
q6168e932,d61e33dd6
q6168cc5e,d61d346ec
q616642cc,d61664326
q616933b0,d61d047bc
q6169b538,d616535da
q6165f47a,d61cfb3d8
q616789f2,d6165f254
q616a1a78,d61d37392
q616aa68c,d6165c25c
q6168f59e,d61e94136
q61653dfa,d61df2a0c
q61665758,d61dddbc0
q616843ce,d61657626
q616790e6,d61d818b6
q6169e10c,d616515c8
q616a4188,d61d6d2c6
q6168ca2e,d61d60d0a
q616a1bb8,d61d4760c
q6164fade,d61671eea
q61669b82,d61dc5a8e
q6169ea26,d61d10666
q6168f47c,d61d35362
q61698478,d6165bc6c
q616a57b8,d6165f5ec
q6168f094,d616769d6
q616917c2,d61d61016
q61652c3e,d61d1035a
q616a688e,d616673dc
q616971a4,d61d3b46a
q616a741e,d61d87d74
q6167cb9c,d61674780
q616524dc,d61d40316
q61677ac0,d61670572
q61658814,d61665db6
q61650e98,d616631ec
q6167dbbe,d616668f6
q616a28a6,d6165853a
q6168a9f4,d6165ae20
q616a0b0a,d61651758
q61662ef4,d61d3f362
q6165b870,d6165b8c0
q61675d1a,d6165e3e0
q6165d102,d61666450
q61670d10,d61670d60
q6169c9ba,d6169ca1e
q6167b882,d6165fb0a
q61667602,d61dd23f6
q61668a5c,d61d2e1b6
q61663da4,d61660a50
q616aa90c,d61cfbc98
q616aac68,d61e688ce
q61666e6e,d61da8696
q6166e4ac,d61dcb1c8
q61680706,d61d136a4
q6169f994,d61e908c4
q616a194c,d61d7acfa
q6169c2d0,d61df2a0c
q616633ea,d61d938f4
q61677fd4,d61d314d8
q616a59d4,d61e243f4
q61662760,d61de7a4e
q6167ea3c,d61d80632
q6169ccee,d61d9e4f2
q61660d98,d61660dfc
q616738bc,d61dbf922
q616897a2,d61670f9a
q6166a208,d61d33328
q616941b6,d6165ec6e
q6168ed88,d616556b4
q6169249c,d61d60aee
q61670090,d61d72640
q61665834,d61d88ad0
q61690e76,d6165f5ec
q6169df22,d61cff1ae
q61693522,d616749e2
q61661810,d6166186a
q6166a7d0,d6166a820
q61685bac,d61e25042
q6169a610,d6166288c
q6166065e,d61d342fa
q61681f02,d61d140f4
q61689ea0,d61d774a6
q61653f4e,d61d57a48
q6165fcd6,d61de7012
q616682aa,d61da70fc
q6166bd42,d61666a22
q6168a0d0,d6165b74e
q6169cadc,d6166c544
q6167edde,d61d8e700
q6166ac94,d61d792b0
q61665122,d61d6be8a
q6165f812,d616515c8
q616701da,d61670220
q6168a918,d6166a820
q6165408e,d61e8303e
q61684298,d61664326
q6169906c,d61681bf6
q6169e5f8,d61d3fd94
q6167de66,d6167deca
q6168095e,d61e0f3e6
q616ac50e,d61d136a4
q61683726,d61d140f4
q6168f882,d61672692
q616821a0,d616821f0
q6167d858,d61d3da3a
q61663b9c,d61d46a22
q616674c2,d6165a8e4
q61662490,d61d2bede
q616733d0,d61d48ffc
q6169c4ec,d616760d0
q6168a576,d61d43ed0
q61676706,d61d858da
q61668b88,d61e33962
q616a55b0,d61d6542c
q6165af92,d616545fc
q6168e28e,d61d4cd3c
q6166c63e,d6166c67a
q61659eb2,d61659f02
q6168605c,d61d3c16c
q616ac888,d61d792b0
q61651d70,d61db15ca
q616a5038,d61666b6c
q616a7842,d61d3412e
q61679bf4,d61d2c4b0
q6165649c,d61d32fb8
q616a89ae,d61da2e76
q616574a0,d61ddcefa
q6168f1ca,d61d5b1d4
q616aa542,d61e5a97c
q61658b2a,d61d7d482
q61650b0a,d61d36690
q616902aa,d61670220
q616844b4,d61d32fb8
q616677a6,d61cf29b8
q616a542a,d61e61de4
q61650696,d61cff1ae
q6169fad4,d6167e6f4
q6168c6e6,d61664b46
q6167719c,d61cf3e12
q6169788e,d61d61584
q61675996,d61666a22
q61666f9a,d61656ce4
q6167b0d0,d61d7d482
q61687222,d61d99f92
q6166d5f2,d61e1fbce
q616a2982,d616662b6
q616aa7a4,d61d5559a
q61676f30,d61d50f40
q61685314,d61d81fbe
q61683906,d61dd4a48
q6167a982,d61dee060
q6168b0d4,d6168b11a
q616669be,d61da68dc
q61678bb4,d61d35808
q616a58da,d6167082e
q616a824c,d61dd2108
q616593ea,d61df8826
q61679adc,d61e65a3e
q61655ca4,d61652ff4
q61656f6e,d61d342fa
q61654ae8,d61654b38
q61687cc2,d61e94136
q616787e0,d61651bfe
q61689c7a,d6165c0e0
q6165b456,d61d45fbe
q6165434a,d61d48ffc
q616a6442,d61d5f7ac
q61694076,d61ea9748
q6169f570,d61dcf764
q616558d0,d616536fc
q6165c342,d61e12a64
q6167e406,d61d3d5bc
q6167a7d4,d6167a824
q61654d18,d61d3772a
q61676878,d61dc6952
q61690160,d61e9e99c
q61685f44,d61d6206a
q6169304a,d61664696
q616a75a4,d61e13392
q616a67d0,d616950b6
q6165c086,d61691998
q616a3cb0,d61dada38
q61682db2,d61d68c62
q616a3bb6,d6169da04
q6167d394,d6166125c
q61653b16,d61def08c
q6168a224,d61d77df2
q616a23e2,d6167331c
q6169e4cc,d61cf0de8
q6168038c,d616803d2
q61659bc4,d61e1f3e0
q6166876e,d616687c8
q616888de,d6166e29a
q61664d6c,d61d77df2
q616773cc,d61d0be54
q6166f4c4,d616540de
q616a903e,d61d958a2
q6169dc34,d616595a2
q61669736,d61669786
q61681d90,d61654c3c
q6169f3b8,d61d3d5bc
q61654bf6,d61654c3c
q616a1078,d61667ce2
q616664fa,d61e532a8
q616814f8,d61d29cb0
q616732e0,d61d5bfb2
q616a2658,d6166ace4
q61665e7e,d61665ec4
q6168e7d4,d61650236
q6164f62e,d61d04208
q61666d42,d61650830
q616816ce,d61d44538
q61657216,d61d59e6a
q616653fc,d61da2e76
q61683df2,d6165737e
q616863ea,d6168643a
q61689590,d61d08a74
q6166d11a,d6166d174
q6166c9b8,d61da7804
q616a3fe4,d616a402a
q6169c096,d61d37392
q61673b50,d6166d174
q616859b8,d61656bae
q61682510,d61d43ed0
q616993dc,d61d6206a
q6169d266,d6166fc08
q616907e6,d61666a22
q6168c4de,d61670b1c
q6169add6,d6165f9d4
q61694de6,d61df2a0c
q6167e8e8,d61e243f4
q6168cb8c,d61e9bfa8
q61651f28,d61d140f4
q6168ae2c,d61d2f4b2
q61690b88,d61d48ffc
q61683460,d61da9258
q6167ccdc,d61d0fd74
q61651bc2,d61d4bf2c
q61664eac,d6165c25c
q61690c8c,d6167e6f4
q616aa2c2,d61d792b0
q6165c946,d61661aea
q6166906a,d61d43b92
q6167f482,d61d6ecc0
q6167d9b6,d6165385a
q61666b1c,d61666b6c
q616692fe,d61659f02
q61662846,d61d9f550
q61662bb6,d6169ca1e
q616668b0,d61cf30b6
q6167d01a,d61d47bca
q6165dcba,d6164fb42
q616822c2,d6166f3e8
q616929b0,d61d140f4
q616832f8,d61e0f3e6
q6169237a,d61d2e1b6
q61658fe4,d61e090ea
q616717ba,d61d37f7c
q6169f66a,d61659ab6
q6166236e,d61d7a6b0
q6165f592,d6165f5ec
q61689342,d61d7b18c
q61681a84,d61666b6c
q616a94d0,d61d74e9a
q6166b69e,d61cf8f20
q616ab37a,d616673dc
q61683bc2,d61d2d1f8
q61656370,d616556b4
q6169f7be,d61d590e6
q61675360,d6165e3e0
q6168be62,d61d8650a
q616aab50,d6165e052
q6167eb9a,d61da0e32
q6168ee8c,d616881ae
q6169fd86,d6165b23a
q61697de8,d61d61016
q6169d4d2,d61d6e5ae
q61692686,d61e97bba
q616a8d14,d61d827de
q616a5d26,d6166041a
q6167b74c,d61d308da
q6168b200,d6165c626
q616a9278,d61657de2
q61697eec,d61e13392
q616a8576,d61d792b0
q61697a78,d6167c868
q6166666c,d6167c228
q616507d6,d61650830
q6166ccce,d61cfac4e
q61661d24,d61d140f4
q616884c4,d61d4d7d2
q61698766,d61da70fc
q61661702,d61661752
q61679992,d61d568a0
q6165cb08,d61d4f5d2
q61695af2,d6165b23a
q61670bee,d61660a50
q6166c4fe,d61d92274
q616634c6,d61d5c336
q61675590,d616755e0
q616501f0,d61dae99c
q6169fc46,d61d323a6
q6168eb44,d61681034
q6168cf88,d61dbcee8
q6166c396,d6166c440
q6168e496,d61cf29b8
q61656230,d61e15df4
q6166eaf6,d6166eb32
q616813c2,d61672692
q4aa0b116,d4aa0b1f2
q4aa0a48c,d4aa0a52c
q4aa0aeb4,d4aa0af90
q4aa05fa4,d4aa04474
q4aa092f8,d4aa093e8
q4aa06580,d4aa067ba
q4aa06cf6,d4aa197ca
q4aa0090a,d4aa00978
q4aa07d2c,d4aa07db8
q4aa09e9c,d4aa09f6e
q4aa097bc,d4aa18e92
q4aa01b02,d4aa01b7a
q4aa05e14,d4aa05ebe
q4aa05b44,d4aa05be4
q4aa089e8,d4aa08ad8
q4aa01c7e,d4aa01cf6
q4aa10404,d4aa0a9e6
q4aa069c2,d4aa06a44
q4aa072a0,d4aa19d7e
q4aa1a0c6,d4aa1afee
q4aa01e4a,d4aa01ecc
q4aa082fe,d4aa0839e
q4aa013c8,d4aa01440
q4aa078fe,d4aa079c6
q4aa0b634,d4aa0b1f2
q4aa08ee8,d4aa08fa6
q4aa061ca,d4aa06274
q4aa0ad06,d4aa0af90
q4aa10b3e,d4aa113f4
q4aa001f8,d4aa00266
q4aa0a928,d4aa0a9e6
q4aa1077e,d4aa1530a
q4aa07aac,d4aa07b56
q4a9ffea6,d4a9fff3c
q4aa09c08,d4aa09cb2
q4aa00518,d4aa005d6
q4aa06710,d4aa067ba
q4aa055e0,d4aa05662
q4aa05cac,d4aa05d24
q4aa0473a,d4aa04834
q4aa0992e,d4aa1afee
q4aa00748,d4aa007c0
q4aa0a720,d4aa0a7d4
q4aa050fe,d4aa051b2
q4aa06af8,d4aa087cc
q4aa0db5a,d4aa0dc22
q4aa090b4,d4aa1530a
q4aa094d8,d4aa095be
q4aa19b44,d4aa19d7e
q4aa074da,d4aa075a2
q4aa12f6a,d4aa1530a
q4aa00b08,d4aa00b94
q4aa08b8c,d4aa08c36
q4aa19504,d4aa05be4
q4aa07f02,d4aa04e60
q4aa0767e,d4aa07714
q4aa0872c,d4aa087cc
q4aa0005e,d4aa000e0
q4a9ffba4,d4a9ffd70
q4aa0d862,d4aa0d92a
q4aa04c12,d4aa04cc6
q4aa11a20,d4aa11cbe
q4aa0843e,d4aa08664
q4aa01742,d4aa017ba
q4aa11264,d4aa113f4
q4aa09aa0,d4aa1afee
q4aa0dd62,d4aa10314
q4aa08cf4,d4aa04e60
q4aa01986,d4aa01a12
q4aa04dd4,d4aa04e60
q4aa063be,d4aa06468
q4aa06878,d4aa068fa
q4aa05464,d4aa0660c
q4aa105da,d4aa10710
q4aa0967c,d4aa1530a
q4aa07c0a,d4aa06b84
q4aa011e8,d4aa01288
q4aa0aafe,d4aa0abd0
q4aa05720,d4aa05798
q4aa175b0,d4aa06f44
q4aa12236,d4aa124fc
q4aa0b864,d4aa0d740
q4aa18bf4,d4aa113f4
q4aa0159e,d4aa01620
q4aa085ba,d4aa08664
q4aa049ba,d4aa04834
q4aa1b5ac,d4aa1b854
q4aa06eae,d4aa06f44
q4aa0a5c2,d4aa0a66c
q4aa08042,d4aa080e2
q4aa0a040,d4aa124fc
q4aa0818c,d4aa0822c
q4aa07106,d4aa079c6
q4aa10ed6,d4aa110e8
q4aa058e2,d4aa05662
q4aa01fda,d4aa04474
q4aa0a1d0,d4aa0a270
q4aa0a34c,d4aa0a40a
q4aa05284,d4aa05306
q4aa0b3fa,d4aa0b1f2
q82d4c6ec,d81a04f9e
q855a35a0,d88a932c4
q85384530,d8c7913ce
q842c8af2,d842c8cfa
q85451756,d8de399d2
q85737826,d8753470c
q827742c4,d827745bc
q81e448f2,d8159e28e
q82305cc4,d815f4936
q81a100a6,d8a9f85c4
q847a1ac4,d8b0a1dda
q82bb179c,d82afa5ce
q82787914,d814f5ab2
q847c4394,d88aec84c
q85306054,d867cd352
q81b147b8,d89e3c514
q81a86062,d89f07c0a
q852ed734,d899c5800
q81097aec,d8dae16c2
q8232eeda,d891a8730
q82c368f2,d81e687a2
q83dfd0c2,d8d2c9b92
q84448792,d8dbcea9e
q8332f334,d8de48f7c
q83905290,d8f86df24
q84a187b2,d8852cae2
q833c8228,d8c9261a8
q85c8bb88,d8995d598
q8144794e,d8a3e1b0e
q84abfc2e,d820d05c6
q811aabe6,d830e507e
q811d0d0a,d81bc4c58
q82364166,d899c5800
q83c3dbba,d8a751f5a
q8258ff9e,d8316fd3c
q84360b04,d8e09d098
q8397ee9c,d867fd5e8
q818cb290,d8b7a8d18
q8203fe68,d8204017e
q82f207b6,d86d4d87c
q83e3e52c,d818fa748
q82374f34,d880bf112
q83e16b08,d827ba4e0
q830208be,d82074424
q83554574,d89bb4e18
q848f1da2,d820b0dc0
q84494d40,d8f8cb3f4
q83562c00,d89bd4844
q81cfaef6,d868871c6
q821eb91a,d821eba82
q83ee4b48,d8196f46c
q8284743a,d89cfc60e
q823ddc1e,d82223b3a
q8543ee4e,d8d20b8b8
q82d0e284,d82074424
q820e4ada,d8a5cbac8
q81661522,d883f9472
q81719e24,d8c9260ea
q83fd9170,d81329094
q83baea32,d81f402d8
q81d04c30,d81d04d98
q84f2c618,d8e18a4ba
q83c04efa,d8db94970
q83cf55b2,d828e3ad8
q82384b82,d893b46e6
q826ed10c,d8729050a
q8445e3ee,d8445e56a
q815dd65a,d8995d598
q817a53d4,d870d5f1c
q8302f030,d8823b360
q83ecfa72,d8cf74208
q83542c84,d87194b2e
q839b24cc,d8cb746ee
q83880a04,d8b6cc408
q82573bfa,d81329094
q83206f84,d8c37cdce
q84fb6e6c,d88995a34
q826da55c,d8e09d12e
q853b5e6e,d8c7913ce
q82dca556,d86d96df6
q84e55370,d8aa2d9e0
q8198bd92,d8c14be42
q8518ff4a,d8736bd08
q82be72ac,d81a10434
q85724ac8,d8bd741ca
q8556c10e,d8364bcd4
q82581dc2,d8be9b9f4
q81bc4a1e,d81bc4b9a
q81520e92,d871193d4
q858b5c20,d88c1f1f6
q81cb3060,d8140c1d2
q84dd9f7c,d89cb9c64
q84e682ea,d8a854326
q81566442,d81566618
q838b6d0c,d8d29598c
q834fefca,d89b8a1ea
q842fefc6,d8996d98e
q8300ab0e,d81da9ac8
q81392cb0,d89985dae
q853e847c,d82a3a666
q859daefc,d830e4e3a
q836cd57c,d8bec3ddc
q810fb0f6,d8cc15ef4
q82b28b22,d8872d562
q8384b3ea,d8bee0bda
q81d7599e,d8194e7e4
q853c2a92,d815b510a
q81d3a056,d86de574e
q849d08a4,d8ddb692e
q811c3614,d879b9b56
q82c9a85c,d86ce3d1e
q83bc7cbc,d8a765424
q8175db10,d87b7026a
q82c2627c,d8cbf259e
q82efcc80,d81392eae
q82864972,d8f1b621c
q82b4cc20,d8bbd02e2
q84ceb836,d863d9868
q82871b7c,d8aefb508
q847a93dc,d8dfd4f80
q83e70dd8,d88d9abe8
q856d40e6,d8f238e60
q81da9686,d8a713fd4
q81f778aa,d8ba5ac14
q82e4317c,d828e39f2
q845eabea,d86b7c0fc
q836b9360,d8e605f9e
q815893ca,d88e61d42
q8290c910,d893b46e6
q8435886e,d8b3c9922
q837b54d0,d88540362
q8580ff64,d8994804e
q81dc665a,d89c28714
q83d4ede2,d87dc68e8
q83e4d1ee,d876def6c
q8159e19e,d898c4456
q821d9148,d81694f62
q8247de8a,d8c71201a
q852a4c64,d86a506a6
q84e8101a,d8c28a902
q81344b3c,d81329094
q85cc7e58,d814d947a
q84e182f4,d8aae8b96
q83cdbf9a,d8ed318b8
q83caeaea,d811dc0c4
q843df09e,d8157dc32
q81db3f50,d81317164
q82c4fd2a,d88a71174
q828a58aa,d837f6070
q837a4e78,d8152111c
q8441a2de,d8187d7d4
q84d56a96,d8f8899d6
q85b3b076,d813a4104
q817f6202,d8f1b621c
q83c7a90c,d89f12eac
q8241c7b6,d8cff51fa
q81b8fb70,d8775a568
q8542325c,d866e51ba
q835b5ee6,d87e41e08
q81439f7e,d8dd6abb4
q838d6486,d892f274e
q834d2524,d8156667c
q8277c280,d8327a646
q828e37cc,d8ea378a6
q832dd8e0,d8777edb4
q83576886,d8f767bc0
q85a20326,d87be6fe6
q83affb90,d899ac2a6
q848cf432,d87515fc8
q8187d4c8,d8b3886c0
q837f5ea4,d837f60d4
q82852614,d8832954c
q82bca3be,d8ce91e6c
q8327a402,d8f425462
q84404592,d82223b3a
q83b66782,d80ee2724
q851ab862,d8823b2f2
q8376846e,d87e7dfe8
q836db4e2,d8968e132
q81e74066,d8df83a9a
q82b17a0c,d8670e844
q85a157e6,d89f60ce2
q8319c9cc,d89c0df68
q84d7866e,d8d638008
q849f8d68,d8c6a6f18
q82afa40c,d898dd960
q83dc33e0,d837f60d4
q80f34920,d8ee84292
q85ce788e,d81cd677c
q8160538a,d8140c1d2
q83b9f24e,d83b9f406
q8239f9dc,d893b46e6
q82da7740,d82c60742
q85924a12,d81332ff4
q855bb718,d8373b1b2
q8130c3ea,d8187d7d4
q82c08bfa,d884b7a3a
q82834aba,d8d20b8b8
q82e700dc,d8e599b00
q84aa0324,d85da442a
q81e2083a,d8c1c8cf8
q830ab982,d8bcf62f2
q8555209c,d812de5d0
q8238d340,d8968e132
q8309ecd2,d86b7c1a6
q82954f30,d8f0f2998
q82614f00,d8b976050
q82def450,d82def72a
q8112818c,d815cd25a
q81baf628,d8f80573a
q83818904,d8c1a8a84
q82ca7a16,d8693f30c
q835e1cda,d8b68d6fe
q82806e08,d89ca887e
q842f82de,d86a04710
q831774ce,d8ee11ce2
q846a7bb4,d81694f62
q844c5b20,d8e879730
q81a6aea2,d81a6af56
q8557bdf2,d82bda0d4
q85cbaa32,d838d6698
q852b7a62,d8616f532
q81a04d64,d8c1ec220
q8594e628,d867a35c0
q857834c4,d8a355848
q8279f0a0,d8b39b2a2
q8299c632,d81ce4372
q82e4ee32,d8bb24a96
q81ad2480,d8a699432
q817bbdbe,d8b54696c
q831be112,d810b78b0
q827f3af6,d82a93c34
q81f01e20,d88e6be8c
q85a830f2,d8855e02e
q81328eaa,d88e6be8c
q83406528,d822f8204
q81ffb65a,d86a2e506
q813a3eca,d813a41c2
q81b7d362,d8c7d2c0c
q84c48bea,d8c812fdc
q83e62fc6,d81cc5a80
q8496d89e,d88a4a2e0
q81fb02cc,d81cd677c
q81e13324,d8177aaf8
q8135b094,d8adb2c82
q81621f8a,d88791c74
q84e0b432,d8ea5b13e
q846bd810,d8d20b8b8
q83064186,d89d740d2
q84f7717c,d8ee11ce2
q83deb16a,d83b9f596
q81b48752,d89c6bb40
q858f9b64,d8bcea2f4
q85627260,d8e2cfa6e
q81c6c3c2,d81a5d6d0
q85b2aaf0,d8327a81c
q83630e34,d810cc698
q82a8646c,d82441d18
q830e4cb4,d863d9868
q8137ea08,d87419912
q85601100,d8185ccc8
q852613f6,d8d2b2df2
q8292c274,d8292c3fa
q851e07e2,d8aba7546
q82975596,d8751607c
q85224fc8,d812c0cf6
q8185ca48,d8ed18c14
q84aff248,d813b9086
q81ed1eb4,d886a1080
q838615fa,d837f6070
q8330ab74,d8a714042
q84b195a8,d886a1080
q83701958,d871193d4
q82e0526e,d819e656c
q844b4ad2,d898dda3c
q81dd8de6,d8e605f9e
q8118067a,d87d04158
q85b65ca4,d8a411e08
q82d7d486,d810cc896
q833741dc,d89854f20
q82cf6648,d8c04e634
q832f46d0,d8e1e3a2e
q84929b12,d8b7367e0
q83ae5cae,d81452196
q824005e8,d89d96cea
q8141e512,d8f6ea382
q8356d650,d815e5c7e
q83795414,d8b9e7f8e
q83f7e374,d8ac57680
q853121e2,d8ba12f68
q85c4c69a,d89c0de6e
q810dcafc,d8f82455e
q859ca02a,d89abe374
q838f1d1c,d8aeb4842
q82715706,d8a58d156
q820916b4,d871b1dc8
q831f9cee,d818189c4
q82561284,d8b642c80
q851b989a,d85dae664
q859f47e4,d8cf2bcd8
q813e06ae,d8ad5a82a
q813ebad6,d892f274e
q85c3554e,d8ddaa322
q8293450a,d87508ab2
q81f5dc5c,d8ca88564
q8498c0dc,d8cdc72c0
q85536af4,d880bf112
q81a42bd2,d815895aa
q817d44ae,d817d4666
q814a38fc,d891f851e
q815592a6,d8aac31b6
q82a77912,d8a242708
q84f63fc8,d8c813054
q83d8e992,d8d43dbb8
q84dfc8d8,d8f1fec92
q84657c4a,d887559a4
q82b76e4e,d8e1f7448
q85b1cc34,d8a255da8
q81755c30,d86c4ff10
q85ab8388,d8316feb8
q815e5a4e,d815e5bfc
q82b647e4,d87144d0e
q82ba7094,d82ba7260
q84479edc,d812c0c38
q84a7c2da,d87d8104a
q83c1d5fe,d897fcb2c
q823ada82,d85fbdd2e
q83789aba,d82ba7260
q824c1b1c,d8cdb1ee8
q8224dd2c,d864b4e9a
q825e6902,d825e6a42
q843a7680,d8932b904
q81658e0e,d8a312660
q83ccbc6c,d89a57034
q82b95e3e,d87a08abc
q84ccfd52,d810b77fc
q815f474c,d8852cae2
q813f92c6,d882b615a
q85b4b5f2,d8a7893f6
q84ee81ac,d8bb249e2
q857f863e,d8707877c
q84e42a22,d8204017e
q856a557a,d8609ed92
q8578f08a,d8b962fa0
q81dfb1fc,d8b024920
q8575d724,d8d2b2df2
q839bdb2e,d82267b64
q82c77ef6,d8181896a
q82824750,d882e5842
q83141e00,d8ec131ca
q839de626,d86e0de10
q833d3cb8,d8788d7c8
q84747074,d81e7a466
q825f6758,d8de399d2
q83741de6,d8373b14e
q80ed48b8,d80ed4d18
q81bf3fbc,d81bf41ec
q835f8944,d8996d98e
q83a9a06a,d893b46e6
q84a910ea,d88b068e6
q83c12e24,d8b0249d4
q817946ba,d896fc65a
q83adb6b4,d881b3456
q83916586,d8721af80
q854dade4,d8693f46a
q84fcfe76,d8db8ace0
q8110aa4c,d8110ac4a
q8325cd44,d89813a16
q84d6fd98,d8d6f44b0
q8394d504,d81aa1ba0
q81e2db2a,d8dfe985e
q8395cba8,d82bd9e4a
q8174dbe8,d889f777a
q85173688,d861e38ce
q82548a7c,d8f238e60
q83c9a2b6,d8e2b4bd8
q845db7b2,d89007bd8
q82e826f6,d8ebde6be
q84596c52,d8777edb4
q83608a24,d82bd9e4a
q81694e0e,d893b46e6
q8334e644,d8a133498
q82cb6124,d8f238bb8
q83d7cdfa,d8cf80db4
q830cceac,d87559156
q819b3022,d819b3162
q84ec400e,d880b05ea
q810b75d6,d810b78b0
q80f1979c,d8cbb2052
q824e9e1e,d88f63bfa
q858d93f0,d8db716e6
q846e9500,d8a133498
q85acc7b6,d83ac8726
q84a39dcc,d8957e56c
q8202f964,d89985dae
q831648ba,d8806fb62
q82eca4f6,d818bcd58
q82f0879c,d86a506a6
q815c4f74,d8f13f3f6
q856f7f3c,d81452196
q8558d53e,d812c0c38
q81a5d414,d8b7a8d18
q84d939e6,d8143a096
q8275aab8,d8bf0d6f8
q8368b294,d8f8245fe
q83a81560,d818189c4
q83d06268,d898c4456
q84674e44,d8ce142d2
q83d346a4,d822356d2
q83244604,d80ed4ec6
q83fc49be,d886a1080
q83f1df74,d89f07c0a
q8524fb92,d82990c38
q81e99668,d85f61f2e
q85518540,d8cf9f278
q84f69ce8,d8c66156c
q8315483e,d8b3c9922
q834a723e,d88df2b22
q819acb82,d87528bdc
q8196f2c8,d8ec4f526
q832a542c,d8a242708
q822a8e84,d87eb430e
q835308a4,d8a149ac2
q84bd152c,d815cd25a
q84433acc,d8679362a
q85c1337c,d8e39a386
q85c7f16c,d81f21e8c
q833927cc,d8ba12f68
q84a0ac02,d81559512
q85a31fae,d8a4885bc
q83f387fc,d818bcd58
q826aa5b4,d8afe3ef2
q81a4d2c6,d878ee41a
q82729904,d8e059938
q84acf93a,d8a5bfee4
q84331f2a,d87445238
q859adda8,d82080486
q81f1664a,d883f9472
q827ba378,d81aa1ba0
q83b44f88,d863cfff2
q85411d0e,d8d757588
q84f8482c,d8ad658ce
q82604074,d8f1254ec
q82a3a3f0,d886a1080
q816f0236,d8ddb692e
q84b879fe,d8f01670e
q83b92f6c,d8abb3378
q82aa4520,d871e158c
q8386beba,d87ec1c16
q847f8694,d8cf63fc0
q836795c6,d87882954
q83837aac,d8d2dc8f0
q811437fc,d82080652
q856edda2,d863aba12
q81673f24,d890e02e4
q8373aeec,d8ed18c14
q81701b30,d814986f0
q82739688,d82ba7170
q8250cb62,d8b5b946c
q8111431c,d8291a9de
q82bbf4aa,d815895aa
q820c112a,d880bf018
q843f9840,d8f44f712
q811fbd20,d8dbf2f7a
q82eed906,d82eedadc
q81f9f8be,d89abe2ca
q818096a4,d89a255f2
q8380395a,d82bd9e4a
q81ca2b0c,d8bc3a250
q85270e8c,d87b01f0e
q847e2c36,d8c9cf758
q85543eb6,d814d947a
q82dba4da,d8a823546
q8595bfee,d888b5ad8
q82d3e286,d8e6bf822
q830dae8a,d80ee27b0
q81e7a268,d87508ab2
q815b4e3a,d8606f2cc
q814c11c2,d88116b42
q823c56fa,d8126d164
q83ef4f2a,d81a5d586
q838e3f14,d838e404a
q83a31056,d8c8c188e
q844fa212,d8db8ace0
q816bd7aa,d816bdaca
q845fe974,d81bf4304
q8227f58e,d86d4d5f2
q831cc906,d8cd8acbc
q83c6be48,d8e18a424
q8164abd8,d872e4146
q838ac280,d8785f1f2
q857e548a,d8445e56a
q819e62ec,d85e0b4cc
q81190e80,d8ee997e6
q839fd986,d8d3032e8
q84e247d4,d8df72bbe
q82356106,d89678440
q84581c94,d885792ac
q84fab918,d8b1dbd9a
q822d5cfe,d81c286ea
q827065e4,d8d2c9bce
q816dc54c,d816dc6dc
q81b36020,d8a8623a4
q8140c07e,d8140c1d2
q8523400e,d86760e00
q82b03f02,d8dded3de
q81e874cc,d80ee26ca
q8190fe5e,d82a10406
q8267ef2c,d86d241ac
q84e70b0c,d824b7e00
q80ee24d6,d89d96cea
q856b1fc8,d80ee2724
q829d983e,d88116aca
q835f1be4,d86d31078
q8262126e,d82080486
q8266f522,d8e6bf822
q84fe3854,d8e075caa
q81c284ce,d8f4a86a0
q8200a484,d8dcdc72e
q85974f26,d8bb12a4e
q85a67226,d82267b64
q82893600,d8cea6632
q85c994c2,d8bcea286
q82a5395e,d89794072
q83e33cbc,d810b78b0
q81d96a7c,d8f3fd4bc
q815ccfda,d8cf74208
q8291a70e,d8aeb47b6
q859158be,d8364bc66
q819f63ea,d8194e91a
q825216e8,d862d1d4e
q817e574a,d8de48f7c
q82a101d6,d8df5fe92
q854c5836,d88540362
q842dcb60,d842dcf7a
q81a8f77a,d87e56cae
q83c8aae6,d8bbd02e2
q847b33be,d89007bd8
q81ac2d50,d8b09080a
q858eb974,d814d947a
q853283b6,d819e656c
q8186be08,d8186c024
q85895092,d8673d5c2
q81f21d9c,d87acf1a8
q839a8cf6,d81d04d98
q835c7114,d889e4cf6
q83385ebe,d885f4164
q814985ec,d8b9e7f8e
q851f21c2,d86760d42
q85bb6136,d892b089e
q84b4101c,d8af4c246
q824fcc9e,d8ce9206a
q831d73a6,d8f6ea2b0
q854f9d2a,d8c08e9aa
q82815ed0,d8d4c5266
q816427ee,d8e879730
q850271a8,d8dc495b4
q824b7c3e,d824b7e00
q8312357c,d8833c07a
q833a573c,d8402ea26
q8220b65c,d8785f1f2
q83112876,d8e7eb7c8
q8518426c,d89c035f4
q8177a756,d8177a896
q8485967e,d8232f0ba
q847740b0,d8aefb508
q81b5f0ec,d87b80228
q84892e92,d8140c1d2
q81fc8034,d8a4806b4
q82a22138,d8f238e60
q82074078,d863d0164
q823e98ca,d87f5cb94
q81731cae,d87d418fa
q856bb866,d87e56cae
q82497998,d8d362680
q84c1b802,d8a51080e
q82e92768,d82e9295c
q8271c4f2,d8d151fd0
q8391f000,d828caa88
q81c5a8c0,d8d64e646
q825b9718,d8e461576
q8178ae1c,d8aa2d9e0
q8128f872,d87264946
q80ef6abc,d8e62f934
q8372ab1e,d8692d9b8
q82ea1bb4,d8186c024
q845a7ee4,d862f0a46
q822f7f2a,d8779f08c
q8576c1f2,d8a149bb2
q823410b2,d869ea39c
q83462972,d86875c00
q843c7958,d8937485c
q8125caf8,d8bbd02e2
q82ee4676,d893b46e6
q85d11300,d8ad23a3c
q811e915c,d87f3c3bc
q83f97dba,d8cdb1ee8
q85cfd724,d8a5bfee4
q81251e82,d82441ab6
q83a513ba,d8dbce7d8
q83133436,d86cd29a6
q837788f0,d8852cae2
q85cd693a,d8c54000c
q8582252e,d813330ee
q8398e9fa,d8204ff2a
q84cbe61a,d8ed43220
q83ddee88,d81452196
q810a5124,d8903835a
q820d0378,d8ed98b44
q84ed6326,d8d2c9bce
q83bdabd2,d87b8cb5e
q81eef32e,d8664f688
q82acb2ba,d81da9ac8
q84644d66,d89197fa2
q81f6d2e2,d87e7dfe8
q83eb26ca,d81c286ea
q84da3364,d873d5294
q81ae8f8c,d819e64e0
q8145201a,d81452196
q84d648f8,d85fde1dc
q848b3818,d8a7c2502
q83510c84,d899fdba6
q81825962,d897e440a
q827db0d2,d8e3eb77c
q858a1a5e,d8e50d826
q84ada312,d84dc5f18
q812c0b0c,d8bf79a56
q8344f5de,d8b19f106
q84f0138c,d8157dce6
q81316fac,d88ffb70c
q8596969e,d88d9abe8
q81e68536,d8c8acd80
q81c79824,d88d9abe8
q81fd9366,d87d04158
q84dc5c34,d82a3a666
q812ed2d8,d88f63a6a
q857cef82,d8b20367e
q8126ce80,d87d04158
q844dbad8,d8402ea26
q84845660,d8b406610
q82287360,d81180850
q829bcdd8,d89bcbec4
q81f93208,d8b7c2efc
q811517ee,d8c849834
q8265da70,d8e461576
q81f4d938,d8cf74208
q82eb0f9c,d8110ac4a
q81aa19b6,d8c6c167e
q845b385c,d825900ac
q8539a24a,d851738c2
q8586ac20,d8e64bbca
q84f51a8a,d82bda0d4
q85984980,d8c708556
q8328ed6c,d87e7dfe8
q83f8afde,d89348bd0
q82a009b6,d89a25598
q81ee3fa6,d81ee42da
q8184fb22,d8baa67cc
q85ca9516,d872905f0
q846cc1ee,d8efde0e8
q818187da,d818189c4
q84370e1e,d8817e2ec
q811dbf2a,d811dc222
q83ac8384,d85efc944
q84ce42de,d8b93b0e0
q854769d4,d8e3a8ff8
q8201b8d8,d89393072
q831acf48,d86023ac0
q8205e688,d86e1fc14
q82b41e56,d8cf9f278
q84cff2f0,d8e65deb0
q85b9e5b8,d85dae664
q82ff7716,d82def72a
q83e22426,d8b962fa0
q83b1443c,d8d90416a
q8314b324,d818fa748
q85940ec4,d831eaf0a
q853a6126,d85efc944
q835915aa,d888ccb52
q81232230,d8181896a
q83a6f7b6,d8202fc16
q816357f6,d86e0dd20
q85ba959e,d85fde1dc
q81332f22,d8ac57680
q8396ee3e,d81bf4304
q85b816b6,d814c1528
q83d15722,d82074424
q81c91bd6,d8606f2cc
q83ff4a60,d88e7c8a4
q84f1161a,d885f4164
q84d48068,d8d2dc8f0
q81afd040,d8c1ec220
q858184ca,d815e5bfc
q8316fc06,d8157dce6
q827cc5dc,d88fd8ee6
q81bcfd1a,d89fa9244
q81e57b96,d89ac6330
q835a4894,d8232f0ba
q8170c918,d89bd4844
q85777200,d8cf2bcd8
q822c51ec,d8eda647e
q85003dde,d8642a358
q8433e9a0,d873efd9c
q829ed85c,d880b0446
q82432d04,d8ed18ca0
q820b0bcc,d8d295874
q82d6a034,d812c0c38
q8348fc4c,d896ad42e
q83100f7c,d819d23c8
q828c1afa,d825e6c7c
q8157d8d6,d8157dce6
q85b90684,d8e9c7ec0
q813cd09a,d889d03fa
q82441796,d824419da
q819d229c,d89007bd8
q85bc44e8,d8aeb4842
q85709e08,d8f82455e
q84805b5a,d8185cc32
q83fa38cc,d8ce5486e
q833b4156,d8cef8220
q8399f3a4,d810b78b0
q83b376e4,d8366a242
q8504d8bc,d8c813054
q82e2ab22,d8f767bc0
q829908be,d8f8cb3f4
q83669e0a,d873214a6
q83dd4992,d887e6904
q830bca48,d8e4ea592
q859a1ed6,d897e440a
q810cc3b4,d810cc698
q8402e2e2,d8402e5a8
q858cbd4a,d8693f46a
q83bf4b36,d8d6f4578
q812de33c,d8bc6e46a
q85831240,d84dc5e00
q851a0e26,d87508ab2
q8375b8cc,d8d3c556e
q832c4dfe,d89754544
q812a0c08,d8c5aa2cc
q84a5d830,d81694f62
q82d2c518,d8e18a4ba
q85461e58,d8693f41a
q82a93a40,d8b38862a
q850114b6,d813f946a
q82200a7c,d8364bcd4
q85c747d0,d81aa1ba0
q8483968a,d8ab10ff6
q836f2ebc,d8db8ad30
q8193210c,d8e586726
q8361d06e,d8d1371e4
q84c06a10,d83ac8546
q8321712c,d87c97be8
q84eaab0e,d86ca146e
q828823aa,d8e29de60
q8115b172,d8692d9b8
q8584d3c8,d893b46e6
q847157e0,d827ba4e0
q82bd9cf6,d8c408374
q8204fa8e,d87e7dfe8
q84911440,d879b9b56
q85741ea2,d8dc58a82
q84ff0cfc,d8e059938
q84f3c928,d898834a6
q847d465e,d82e92858
q852067b2,d8db8ad30
q8253617e,d88e0d60c
q8588b970,d863d98cc
q838c551e,d88f63a6a
q82d1dfae,d887e6684
q81537282,d89cb9c64
q84b273ec,d81a6af56
q8529958a,d823e9b0e
q85c1e02e,d8cebef02
q8136eb08,d8666bb44
q8145f058,d8afb062e
q85a05e90,d8e50d786
q8120e178,d8120e420
q83e8e32e,d8ed18c14
q839effac,d8aa2d9e0
q84bdf1d6,d820d05c6
q81eaafa8,d89cfc60e
q85372790,d81180850
q84c3c372,d818cb4d4
q826cd24e,d8a8783d4
q82699dea,d882e5842
q8326c244,d812c0c38
q818fa568,d83ac8546
q82ab7daa,d878829ae
q85880192,d8d1ead7a
q816ca8b0,d8d5420fe
q83e9e292,d8b3886c0
q835220e2,d8d99831a
q84ba27ea,d85f2a1fa
q82c1c808,d8120e3bc
q83a0fcf8,d86b2243a
q815113e8,d8729050a
q8231b952,d8c1ec2c0
q8393b9bc,d81b362b4
q840174b6,d81f2e650
q81d5b544,d8d259b4e
q84e3361c,d8aa1dd4c
q81ce41f6,d81ce4372
q852cab94,d865beeee
q83f02d8c,d822f829a
q83470c66,d8e316c34
q84b68568,d8753470c
q81284e90,d82c60742
q81ecc3ec,d842dcf7a
q831eac4e,d88791ec2
q822677ea,d89cd4b4a
q853f6702,d8e3d6ade
q84bbd8c4,d8a5a332a
q81be64ac,d8693f46a
q85c627c4,d8e2b4bd8
q856c87b4,d826da6d8
q83d25d02,d8200a83a
q83d5e170,d820d05c6
q838a16dc,d8dd21630
q84735fe0,d892f274e
q82c60594,d8ea5b13e
q84761ffa,d82f20c66
q818d973c,d8a86226e
q84d1064a,d89175a7e
q81cd657e,d8ec131ca
q85c2451e,d89abe2ca
q855e70f2,d82080486
q842a732a,d886a1080
q81486b08,d886a1080
q8193eb00,d8a616bea
q82aee3be,d87303a32
q82945418,d87ab19d2
q83f4f3a8,d87851d54
q848826d2,d87180dfe
q8259f1ba,d8b20367e
q828ef9be,d8ec31792
q83f6593c,d875160fe
q849ed562,d8b68d6fe
q830527c4,d81694f62
q854ab756,d8a49a168
q84e8db44,d810a53e0
q82e1dfc6,d879d76d8
q84816a72,d8f3a7328
q828ca970,d8f7275de
q8592e77e,d8198bf9a
q857c0cfc,d851738c2
q8194e6b8,d8b5b946c
q828faf8a,d828fb11a
q82c8673a,d882b615a
q843194de,d8e325450
q83479d2a,d8abb3378
q826436a2,d8cfea2fa
q85801d10,d8b9e7f8e
q839cb2d8,d887d2d46
q84c90ae4,d86d4d732
q81c0906a,d8c00c054
q82dd3fa2,d8e675bc8
q836a7304,d89abe374
q83c5297a,d884b7a3a
q83cbc938,d877f3808
q84aedba6,d86400e4a
q8528daa0,d8c6f409c
q85aacf9c,d87b22704
q8246be4c,d815dd8ee
q81906eda,d86d4d87c
q81dec7ec,d8aea74da
q83427390,d8ad658ce
q84a6d6b8,d88d47cfe
q851c1f0e,d842c8c64
q84c73f70,d8f238bb8
q82adc86c,d8c56f168
q8308c00a,d82400930
q85adb040,d860c5168
q84c64732,d812c0cf6
q84d37542,d80f19ad0
q8199c7aa,d8b20367e
q814cc00e,d8be2ae66
q8455ea96,d897d09f0
q81243044,d818189c4
q8160f1dc,d8160f3b2
q848282b8,d86c4ff10
q84ab0bf2,d863d9868
q8245c302,d896ad38e
q822237e8,d8f5faa08
q819227de,d812cfc9c
q83076002,d814986f0
q8489f7dc,d87ee5472
q81cc588c,d8c1a899e
q842c0636,d8e18a424
q824af32c,d8b992aa2
q83ca3ed8,d81589636
q825d30aa,d8a43f6fa
q82080364,d82080652
q82234fde,d87e41e08
q832afed6,d81452196
q8569a382,d8e561430
q81d1e3b0,d8e579f30
q854ea032,d899263a4
q818bcaa6,d88df2a50
q8491f3ba,d814d931c
q81b04e76,d8712c65a
q85beddf2,d88bf5298
q818a37b8,d8695f99a
q837dfed8,d89eaf3f2
q836e80f2,d88d34f28
q834c4d84,d8c59d59a
q80f0a76a,d8c313112
q85a7cc98,d825e6c7c
q81d4df20,d81d4e07e
q83364962,d8b9e7f8e
q857b4efc,d86dbb322
q833ef6de,d816bd994
q81a22a62,d891c7040
q82d8ef42,d8cfea156
q81f4001c,d81f402d8
q826322e4,d8ed76530
q83b8b2ee,d8dc6d6b2
q811391f8,d82b42158
q83b59da2,d842dcd9a
q813b8c26,d87b9bcbc
q812cf9ae,d8e29de60
q846236fc,d837f60d4
q85a99302,d837f60d4
q82b3823e,d8118097c
q84a29b34,d8c71201a
q8195ccf4,d871193d4
q84ca661e,d8198bf04
q83c2a93e,d828efc98
q81e4f9be,d81e4fb4e
q8400a284,d88e7c8a4
q84c305fe,d864b4e9a
q85752c8e,d8de48f7c
q83228472,d88908fda
q845279c4,d81511816
q85874db0,d8cf80d14
q81a371f6,d837f6070
q83fb1e4a,d83392a88
q814f56d4,d8eda647e
q8499ad76,d8186bf20
q81f2e43e,d8a8badc4
q8566cf36,d899c58c8
q851cc3be,d828caa88
q83a62494,d8852cae2
q81b53972,d864c92e6
q83daa26e,d899480ee
q831886de,d8c3d3804
q833247b8,d815b510a
q85d3a8c2,d8bef68f4
q857a4322,d81143b4e
q83a43364,d8196f46c
q83ab3cf4,d8e68d7b4
q8538e544,d869a26fa
q84bf69a8,d8ac4107e
q829ce3f8,d8994804e
q843299d8,d871193d4
q8534d314,d8d27b352
q85a5bb42,d80ed4d18
q852d98f6,d86e0de10
q82a64de4,d887d2d46
q812183d0,d8b4da9ba
q825563f2,d89821922
q816a4a7a,d8110ac4a
q821b69a4,d8942099a
q837bea62,d8402e5a8
q83b7e33c,d87180dfe
q83583c0c,d819e6468
q814d91b4,d814d931c
q8183d97c,d816bdaca
q81c45934,d8c5b6298
q8364ba86,d817bc0a2
q83d6bbae,d8f5488d0
q824d9802,d8c1a8a84
q85039a74,d8f340bbe
q85a46076,d842dce1c
q84978ff0,d870c58e2
q1a73c1d4,d1b3af812
q1a72ef98,d1b369c7c
q1a716380,d1b341b5a
q1a73f97e,d1b3a7ef0
q1a731ee6,d1a731ff4
q1a729624,d1a7296ba
q1a732468,d1b3bab22
q1a73f24e,d1b33a846
q1a714760,d1b3aea0c
q1a72d620,d1a72d756
q1a716fa6,d1b39690c
q1a729854,d1a72991c
q1a738476,d1b3090a2
q1a7212bc,d1a71bb78
q1a73ceea,d1a715322
q1a736734,d1b3254a0
q1a71a980,d1b33a3fa
q1a719cba,d1b3a81f2
q1a71659c,d1a7166dc
q1a738908,d1b3ad242
q1a734da8,d1b377e58
q1a71b77c,d1b3b6d7e
q1a71ef26,d1b341db2
q1a72004c,d1a7200d8
q1a724868,d1b2e46e4
q1a713b80,d1b392abe
q1a721ae6,d1a721b22
q1a728dd2,d1a728e36
q1a72559c,d1a7255f6
q1a73aa1e,d1a73ab0e
q1a72a7a4,d1a73a852
q1a719ee0,d1b39690c
q1a73e95c,d1b35db98
q1a72d922,d1b35bf96
q1a722c02,d1a722c66
q1a73887c,d1a73899e
q1a711e3e,d1a711fd8
q1a73028a,d1a7303b6
q1a734010,d1a726af0
q1a71a1a6,d1b35f90c
q1a7333cc,d1b3aa1a0
q1a714508,d1b3403d6
q1a72decc,d1a72df58
q1a7182c0,d1a7183ce
q1a72ff38,d1b387d08
q1a730852,d1a7309a6
q1a73a7f8,d1a72a812
q1a72db5c,d1b3034b8
q1a74019e,d1a740248
q1a72617c,d1b3c4d8e
q1a734524,d1b3457fa
q1a71d1d0,d1b3a7720
q1a718324,d1a7183ce
q1a7200a6,d1a7200d8
q1a7229dc,d1b354d0e
q1a71f98a,d1b3c1bb6
q1a731946,d1b3b7c24
q1a73eb78,d1b39417a
q1a721c44,d1b3beeca
q1a73aeb0,d1b383f1e
q1a71c9ba,d1a71ca46
q1a72a088,d1a72a0ce
q1a7375b2,d1a7376e8
q1a723120,d1a7231d4
q1a73d318,d1a73d426
q1a714e54,d1b362ab2
q1a71861c,d1a7210fa
q1a72ecaa,d1b3a02e0
q1a734f42,d1a735078
q1a73bf5e,d1b3aa1a0
q1a739574,d1b3c160c
q1a722e0a,d1a722f4a
q1a731450,d1a731540
q1a72c6e4,d1b382074
q1a726d02,d1b3967cc
q1a73af14,d1a73afdc
q1a7226ee,d1b3c12b0
q1a7144ae,d1b315bcc
q1a72937c,d1a7218e8
q1a71dc3e,d1b3270fc
q1a72b41a,d1b2f32e8
q1a73a7c6,d1a72a812
q1a72522c,d1a7253e4
q1a733fde,d1a7340d8
q1a7190f8,d1b386d40
q1a713e82,d1b35493a
q1a715958,d1a715a70
q1a72c356,d1b38878a
q1a734d80,d1b3a8bde
q1a73c224,d1b3af812
q1a73215c,d1a7322b0
q1a7246b0,d1b33a3fa
q1a7201f0,d1b35e44e
q1a72105a,d1a7210fa
q1a721c6c,d1b3a9a7a
q1a72b582,d1b3a3652
q1a730faa,d1a7310a4
q1a714f3a,d1b2f364e
q1a71313a,d1a7218e8
q1a733a48,d1a733a98
q1a724ae8,d1b37aaf4
q1a714684,d1b3af34e
q1a72f31c,d1b33a1de
q1a72ceaa,d1b3b4cea
q1a73a712,d1a73a852
q1a723756,d1b2ffca0
q1a73b400,d1b34e18e
q1a715d04,d1b2fc690
q1a731004,d1a7310a4
q1a7418fa,d1a7419cc
q1a721e4c,d1b334aea
q1a72079a,d1a72083a
q1a739fc4,d1b31bcc0
q1a712b04,d1b3ada80
q1a73b3a6,d1b344968
q1a731482,d1a731540
q1a736e96,d1b2e63f4
q1a726aaa,d1a723a30
q1a73d372,d1a73d426
q1a7189aa,d1b378e52
q1a71690c,d1b31d8ae
q1a72e3ae,d1a72e41c
q1a7133c4,d1b3c865a
q1a711452,d1a711510
q1a716146,d1b37543c
q1a72506a,d1a7250b0
q1a72a218,d1a72a358
q1a728396,d1a71d82e
q1a726154,d1b34147a
q1a72e386,d1b2fcb7c
q1a73698c,d1b375a7c
q1a723918,d1a723a30
q1a71634e,d1a716452
q1a73221a,d1a7322b0
q1a73bf0e,d1b373862
q1a72c37e,d1b3950ac
q1a73a9c4,d1b393784
q1a740612,d1a74070c
q1a713194,d1b390570
q1a720024,d1a7200d8
q1a72ac68,d1b31a0d2
q1a717ffa,d1b384266
q1a717dfc,d1a732a94
q1a7146de,d1b3506a0
q1a730956,d1a7309a6
q1a73bc34,d1b372930
q1a713af4,d1b3b24cc
q1a74165c,d1a741756
q1a71ae3a,d1a71aebc
q1a73c724,d1a73c7c4
q1a727054,d1a7270c2
q1a72cc98,d1b3a2568
q1a74066c,d1a74070c
q1a72b35c,d1a72b474
q1a71fdea,d1b2f1524
q1a73d39a,d1a73d426
q1a71965c,d1a719738
q1a72027c,d1b2fa340
q1a72772a,d1a727810
q1a72d8c8,d1b35bf96
q1a73088e,d1a7309a6
q1a7280b2,d1b301ca8
q1a73a776,d1a73a852
q1a71c014,d1a71c082
q1a73b75c,d1b366bd0
q1a738e9e,d1b3aa24a
q1a7329b8,d1a71f7d2
q1a7269c4,d1b31b73e
q1a72ced2,d1a73c7c4
q1a71bb32,d1a71bb78
q1a735ec4,d1b369c7c
q1a716678,d1b32ae78
q1a712e6a,d1a712ec4
q1a71f76e,d1b32a568
q1a734560,d1a73920e
q1a7196b6,d1a719738
q1a73a014,d1a72e1ec
q1a721316,d1b38cee8
q1a7412f6,d1a730c3a
q1a7383ea,d1b30df3a
q1a71d932,d1a71da5e
q1a72acfe,d1b376800
q1a73c17a,d1b2f0e94
q1a718ca2,d1b369c7c
q1a725948,d1b33f95e
q1a741350,d1b3a2fb8
q1a719f6c,d1a71a016
q1a724f7a,d1a71fa20
q1a724976,d1a7331d8
q1a73e574,d1a73e6aa
q1a7159bc,d1a715a70
q1a72412e,d1a724228
q1a71ab4c,d1a71ac1e
q1a735ef6,d1b369c7c
q1a73339a,d1b3457fa
q1a738f7a,d1b3b229c
q1a7349d4,d1a7309a6
q1a72fe3e,d1b3b3ffc
q1a720768,d1a72083a
q1a735ac8,d1b3611a8
q1a72128a,d1a72135c
q1a7241e2,d1a724228
q1a73efba,d1b366bd0
q1a7342e0,d1b36f4e2
q1a73d67e,d1a73d6ec
q1a723c10,d1b3202c0
q1a71555c,d1b3c1bb6
q1a718cd4,d1b32a568
q1a72d35a,d1b3c19d6
q1a7410f8,d1a7411b6
q1a731630,d1b342c1c
q1a72856c,d1a7285e4
q1a71d73e,d1a71d82e
q1a71e63e,d1a736f40
q1a735b4a,d1b34e18e
q1a727da6,d1a727e1e
q1a71d9be,d1b3c8998
q1a72b1cc,d1b3aeca0
q1a72cdf6,d1b2eec20
q1a726442,d1b304e80
q1a71e080,d1b3c0eaa
q1a723e72,d1b2fc7bc
q1a7171f4,d1b388c26
q1a72f0a6,d1b34e18e
q1a718090,d1b358206
q1a731694,d1a731748
q1a721082,d1a7210fa
q1a7215b4,d1b2ef3dc
q1a7312ca,d1a731306
q1a72de4a,d1a72df58
q1a72de18,d1a72df58
q1a73033e,d1a7303b6
q1a718cfc,d1b38504e
q1a717fc8,d1b32d7cc
q1a73a366,d1b38a7ec
q1a73aee2,d1b30b2c6
q1a71cec4,d1b323c72
q1a73c6f2,d1a73c7c4
q1a722464,d1b3b4ac4
q1a720fce,d1b391e34
q1a72f7a4,d1b350100
q1a732c38,d1a732ce2
q1a7226bc,d1b307068
q1a712dac,d1a712ec4
q1a720d6c,d1b37c4d0
q1a7305e6,d1b32a91e
q1a71f962,d1b2ebe26
q1a715502,d1a730c3a
q1a73a2da,d1b3bb45a
q1a71765e,d1b335e72
q1a738c3c,d1b38c9f2
q1a72c090,d1b3b6d7e
q1a716ee8,d1b3202c0
q1a734ab0,d1b302856
q1a7370f8,d1a73715c
q1a73e8a8,d1a73e024
q1a73f500,d1b3a8f4e
q1a73841c,d1b3bab22
q1a723e4a,d1b360e42
q1a71f4d0,d1b3797e4
q1a7236ca,d1a7237ce
q1a731036,d1b38a6de
q1a723972,d1b369c7c
q1a716b32,d1b37762e
q1a72d0ee,d1b363ea8
q1a735b7c,d1b36df98
q1a71e918,d1a71ea1c
q1a711416,d1a711510
q1a719f9e,d1a71a016
q1a71ec1a,d1b33dec4
q1a726a00,d1a726af0
q1a72216c,d1a722202
q1a72277a,d1b332632
q1a72d6ac,d1a72d756
q1a73f4d8,d1b3a8f4e
q1a7193fa,d1b324d98
q1a729ade,d1b3a6596
q1a733cb4,d1b3a0c72
q1a71b56a,d1b3630ca
q1a71986e,d1b3a52c2
q1a7230c6,d1a7231d4
q1a720452,d1b315a5a
q1a7386c4,d1a738764
q1a73ca30,d1a73ca80
q1a71549e,d1b2e4c34
q1a726c12,d1a726d7a
q1a71de32,d1b2e2632
q1a740e82,d1b390908
q1a73eb46,d1b39417a
q1a73b158,d1b39ff66
q1a736766,d1b34a228
q1a7364a0,d1a73652c
q1a739a9c,d1b350b3c
q1a715534,d1b3c743a
q1a71a926,d1b338460
q1a72494e,d1a7331d8
q1a71e8e6,d1a71ea1c
q1a72f2ea,d1b3a8bde
q1a71d16c,d1a71d310
q1a71e6c0,d1b369c7c
q1a733188,d1a7331d8
q1a72a970,d1b34e080
q1a720c7c,d1b332740
q1a711844,d1b3c4d8e
q1a712a82,d1b370c02
q1a72c11c,d1b35b7bc
q1a741ba2,d1b39034a
q1a736298,d1b385a12
q1a73c1fc,d1b2f0e94
q1a7214e2,d1b38464e
q1a741120,d1a7411b6
q1a71242e,d1a712532
q1a7241ba,d1a724228
q1a72f772,d1b36aab4
q1a740bc6,d1b31137e
q1a735f50,d1b3797e4
q1a72bc30,d1a72bce4
q1a711bdc,d1b307068
q1a7217d0,d1b3797e4
q1a71b59c,d1b377e58
q1a732f1c,d1a732f9e
q1a7217f8,d1b36a6ae
q1a72446c,d1a7244a8
q1a73fa0a,d1a73fa6e
q1a7298e0,d1a72991c
q1a712794,d1a7127d0
q1a71ada4,d1a71aebc
q1a71c8e8,d1a71ca46
q1a733138,d1b32aa36
q1a71ab7e,d1a71ac1e
q1a722950,d1b35ce14
q1a73bcb6,d1b315bcc
q1a72c144,d1a72c19e
q1a7176b8,d1b346114
q1a730fdc,d1b30812a
q1a73240e,d1a7324d6
q1a733458,d1b3c014e
q1a728058,d1b39c492
q1a740112,d1a740248
q1a71b4e8,d1b327d22
q1a7189fa,d1a718a36
q1a7412ce,d1a73f79e
q1a734786,d1b34adcc
q1a73e98e,d1b3c5702
q1a736478,d1a73652c
q1a73b126,d1a73b248
q1a718658,d1b2f91d4
q1a728512,d1b2e2632
q1a73141e,d1a731540
q1a713b58,d1a713c66
q1a7375e4,d1a7376e8
q1a72be74,d1b38cee8
q1a718c66,d1a718d56
q1a733480,d1b3a59ca
q1a73beb4,d1b332740
q1a73931c,d1b3a6e42
q1a71f282,d1a71f2f0
q1a721e9c,d1b368c82
q1a72b9b0,d1b305948
q1a73951a,d1b38242a
q1a7121a4,d1b3abb86
q1a71870c,d1b3bacc6
q1a714c74,d1b329dc0
q1a719c24,d1b391e34
q1a7159e4,d1a715a70
q1a713eaa,d1b34e18e
q1a72bef6,d1b30252c
q1a72ce28,d1a72cf18
q1a73ff3c,d1b3b14a0
q1a722b44,d1a722c66
q1a71683a,d1b3b0e1a
q1a71a8cc,d1b342942
q1a712488,d1a712532
q1a71968e,d1a719738
q1a720952,d1a720a88
q1a725efc,d1b37aaf4
q1a7253b2,d1b2f81f8
q1a7126ae,d1b3a6e42
q1a7395a6,d1b3b7382
q1a731eb4,d1b384572
q1a73b9d2,d1a73ba68
q1a7198fa,d1b3008f8
q1a72f7d6,d1b35eb9c
q1a71d46e,d1a71d5a4
q1a71f6b0,d1b323c72
q1a71a69c,d1b351a3c
q1a73a38e,d1b36bd92
q1a7195f8,d1a719738
q1a71b13c,d1b3a0f92
q1a729dc2,d1a726af0
q1a71fb2e,d1a71fc46
q1a717e24,d1b31bba8
q1a721f00,d1a721fa0
q1a7418a0,d1a7419cc
q1a718680,d1b34e72e
q1a721f5a,d1b3757ac
q1a716416,d1a716452
q1a71c988,d1a71ca46
q1a72958e,d1a7296ba
q1a715728,d1a715854
q1a71f73c,d1b30b5d2
q1a71efb2,d1b3719ae
q1a72b226,d1b387d08
q1a716934,d1b3bf6e0
q1a73d5c0,d1a73d6ec
q1a72a2fe,d1b3aeca0
q1a721550,d1b3c32cc
q1a73406a,d1b301744
q1a73edf8,d1b3862b4
q1a720074,d1a7200d8
q1a729822,d1b336d72
q1a724386,d1b362ab2
q1a721cf8,d1b371ef4
q1a7351f4,d1b30f754
q1a71e134,d1b36fa96
q1a73d624,d1a73d6ec
q1a7316bc,d1b3a38e6
q1a72a6e6,d1b3b641e
q1a734cf4,d1b386d40
q1a7295ca,d1a7296ba
q1a73cf44,d1b369c7c
q1a72650a,d1a71dd10
q1a73f1f4,d1b33a846
q1a7157be,d1b32dce0
q1a72e520,d1a71d82e
q1a727ce8,d1a727e1e
q1a739150,d1a73920e
q1a734d4e,d1b3a8bde
q1a711baa,d1b307068
q1a728b5c,d1a728c1a
q1a714440,d1a71456c
q1a71d554,d1b383b40
q1a73690a,d1b2e5f26
q1a713784,d1b389392
q1a71a958,d1b33a3fa
q1a73a334,d1b2f364e
q1a71546c,d1b34e29c
q1a72a4b6,d1a72a5d8
q1a73cc7e,d1a73ccc4
q1a7141b6,d1a714224
q1a728364,d1b3af8f8
q1a714738,d1b2e766e
q1a72c0ea,d1b2fc7bc
q1a73e628,d1a72d184
q1a73433a,d1b36f4e2
q1a737a4e,d1a737b0c
q1a731504,d1b33a3fa
q1a73ce90,d1b35493a
q1a71cb72,d1a71cca8
q1a73e34e,d1a73e402
q1a72775c,d1a727810
q1a7223d8,d1a7337aa
q1a729a20,d1a729b42
q1a73709e,d1b3710bc
q1a728080,d1b3085c6
q1a72b9d8,d1a72ba82
q1a734312,d1b3c4d8e
q1a711484,d1a711510
q1a715d5e,d1b377e58
q1a72a02e,d1a72a0ce
q1a7308c0,d1a7309a6
q1a72b3e8,d1a712532
q1a7330d4,d1b31fb54
q1a73b7b6,d1b330f9e
q1a71da18,d1b3c4d8e
q1a73ca08,d1b36d638
q1a73c9ae,d1b374e60
q1a73ac94,d1b35f9d4
q1a7206dc,d1a72083a
q1a720484,d1b3a52c2
q1a73ba22,d1b3813b8
q1a730b04,d1b3c41c2
q1a737616,d1a7376e8
q1a739d44,d1a73ccc4
q1a740b6c,d1b31137e
q1a73d0ac,d1b309750
q1a73e2f4,d1b355ee8
q1a729d04,d1b362ab2
q1a71a6c4,d1b360a78
q1a741634,d1a741756
q1a72219e,d1b36b5ae
q1a7297f0,d1a72991c
q1a71dcc0,d1b321094
q1a73d0de,d1a73d19c
q1a71e440,d1b32002c
q1a7272de,d1a72740a
q1a73cc4c,d1a73ccc4
q1a72bca8,d1b369c7c
q1a73e934,d1b32c854
q1a7246d8,d1b338460
q1a717d3e,d1a717e60
q1a719f12,d1a71a016
q1a737120,d1a73715c
q1a728544,d1b2f72a8
q1a7239cc,d1a723a30
q1a728896,d1b38a288
q1a73db1a,d1b342e92
q1a72cc70,d1b3a2568
q1a717da2,d1b3b0334
q1a7163a8,d1a716452
q1a7316ee,d1b3a6942
q1a730c08,d1a730c3a
q1a720f9c,d1b398464
q1a71a444,d1b384bc6
q1a718c3e,d1b32ff9a
q1a72ad62,d1b376800
q1a71dc66,d1b3c3fe2
q1a721f28,d1b369c7c
q1a71834c,d1a7183ce
q1a71abce,d1a71ac1e
q1a739f92,d1b3c3fe2
q1a730b36,d1a730c3a
q1a71bce0,d1a71be0c
q1a72243c,d1b398464
q1a7230f8,d1a7231d4
q1a71e940,d1a71ea1c
q1a721ece,d1b38b32c
q1a71a3e0,d1a71a4e4
q1a734038,d1b368458
q1a715192,d1a715322
q1a728d78,d1a728e36
q1a7345e2,d1b310ab4
q1a74160c,d1b31aa78
q1a73af3c,d1b3bf6e0
q1a7319a0,d1b327b92
q1a731298,d1a731306
q1a7248f4,d1b3abdac
q1a7165ce,d1b3a74e6
q1a713e50,d1b2e373a
q1a736ec8,d1a736f40
q1a737a76,d1b38224a
q1a713306,d1a713428
q1a714922,d1a714a58
q1a72bc80,d1b3862b4
q1a73954c,d1b397320
q1a71a3a4,d1b3797e4
q1a732c60,d1b3a4dea
q1a714c1a,d1b3b96f0
q1a7202d6,d1b2fa7be
q1a72833c,d1b38cee8
q1a72525e,d1a7253e4
q1a736bf8,d1b2e8d98
q1a72900c,d1b317652
q1a725ce0,d1a725d26
q1a734fd8,d1b3c874a
q1a739380,d1b399c2e
q1a73b96e,d1a73ba68
q1a72d300,d1b38a3e6
q1a71cbfe,d1a71cca8
q1a71d4d2,d1b3aeb92
q1a736b9e,d1b347618
q1a7243e0,d1a7244a8
q1a7410c6,d1a7411b6
q1a715264,d1b3a2568
q1a736216,d1b36dd36
q1a7123e8,d1a712532
q1a71d202,d1b3046d8
q1a718c0c,d1b313bc4
q1a73733c,d1a73744a
q1a71273a,d1a7127d0
q1a73ac08,d1b37e47e
q1a72dddc,d1a72df58
q1a71578c,d1a715854
q1a728f80,d1b3506a0
q1a732eea,d1a732f9e
q1a717dca,d1a717e60
q1a72bbfe,d1b3862b4
q1a73a30c,d1b2eead6
q1a713810,d1b32b986
q1a740eaa,d1b328bdc
q1a71cbd6,d1a71cca8
q1a725380,d1b33a9ea
q1a7368e2,d1b3a8bde
q1a7311d0,d1a721fa0
q1a73cec2,d1b34e18e
q1a7364d2,d1a73652c
q1a71d52c,d1b397cf8
q1a737c9c,d1a737d96
q1a73c74c,d1a73c7c4
q1a7373e6,d1b31a1cc
q1a71792e,d1b3aeca0
q1a723b5c,d1b3af34e
q1a7259a2,d1b324668
q1a715db8,d1b3c014e
q1a72fb0a,d1a72fbe6
q1a72b97e,d1b3b65b8
q1a73060e,d1b3616a8
q1a7408e2,d1b3046d8
q1a7321c0,d1a7250b0
q1a71add6,d1a71aebc
q1a7137de,d1b3a31ca
q1a731b8a,d1b322700
q1a722752,d1b3711d4
q1a73ce5e,d1b3bf8a2
q1a7209c0,d1a720a88
q1a7152b4,d1b338c9e
q1a72d0c6,d1a736f40
q1a736450,d1a73652c
q1a72d94a,d1b369c7c
q1a721c12,d1b35b7bc
q1a71b7ae,d1b3a9a7a
q1a7151c4,d1b3bdaa2
q1a73cb98,d1a73ccc4
q1a73e376,d1a73e402
q1a71de00,d1b375108
q1a71bd9e,d1a71be0c
q1a73249a,d1b2e5468
q1a71e04e,d1b3495da
q1a741db4,d1b3a0556
q1a72e660,d1b332632
q1a714e86,d1a714f9e
q1a7267a8,d1a726870
q1a712e38,d1a73fcc6
q1a73f4a6,d1b3a8f4e
q1a725f2e,d1b3c4d8e
q1a734754,d1b391a42
q1a71ebf2,d1a71ec9c
q1a71a41c,d1b3308fa
q1a726802,d1b33fcf6
q1a71ef58,d1b324ed8
q1a73b78e,d1b33d4b0
q1a73b1bc,d1b36b5ae
q1a716178,d1b3749c4
q1a71b51a,d1b327d22
q1a73f9d8,d1a73fa6e
q1a737396,d1b315bcc
q1a729a84,d1b303a08
q1a7240fc,d1a724228
q1a721528,d1b346380
q1a72be9c,d1b30252c
q1a726a50,d1a726af0
q1a73515e,d1a735294
q1a71baa6,d1a71bb78
q1a7224be,d1b3c5a04
q1a716f42,d1b343856
q1a72f07e,d1a72f100
q1a7165f6,d1b32ae78
q1a734a2e,d1b302856
q1a73911e,d1b3aa24a
q1a7198c8,d1b33b534
q1a72778e,d1a727810
q1a7219f6,d1b324bcc
q1a72c9b4,d1b372c46
q1a741b20,d1b3aa1a0
q1a71b16e,d1b3150c8
q1a737a1c,d1a734402
q1a725c36,d1a725d26
q1a73fa3c,d1b326d46
q1a71575a,d1b396510
q1a72fb64,d1b38ffda
q1a7232ba,d1a7233f0
q1a72317a,d1b3c5540
q1a73d12e,d1a73d19c
q1a721ab4,d1b324bcc
q1a738714,d1b315bcc
q1a733a20,d1b3bdcf0
q1a73a514,d1a73a62c
q1a726712,d1b33fcf6
q1a732e2c,d1b335116
q1a73d3c2,d1a73d426
q1a719378,d1b336fb6
q1a73fc26,d1a73fcc6
q1a7117ae,d1b360230
q1a721852,d1a7218e8
q1a71721c,d1a71726c
q1a73f21c,d1a73f2c6
q1a715a3e,d1b393784
q1a73fee2,d1a73ffe6
q1a72ecdc,d1b3b8660
q1a729408,d1b3280ce
q1a7220e0,d1b354d0e
q1a73eba0,d1b39417a
q1a7126e0,d1a7127d0
q1a72eb60,d1b38c1b4
q1a719346,d1b32e3fc
q1a71ab1a,d1a71ac1e
q1a73763e,d1a7376e8
q1a71b8da,d1a71b952
q1a7395ce,d1b3b7382
q1a739af6,d1b35bf96
q1a737990,d1b391e34
q1a739fec,d1b3c3fe2
q1a71de64,d1b3aa1a0
q1a728bb6,d1b3b0712
q1a71ae08,d1b2fc7bc
q1a729b06,d1a729b42
q1a738c64,d1b3ba7a8
q1a741e68,d1a741ec2
q1a71aba6,d1a71ac1e
q1a7114b6,d1b36eb0a
q1a738c96,d1b37bddc
q1a71f3ea,d1a71f534
q1a71c046,d1a71c082
q1a73ed9e,d1b341f9c
q1a713df6,d1b34e18e
q1a74040a,d1b30812a
q1a72aefc,d1b373862
q1a716eb6,d1b35db98
q1a7293d6,d1a72949e
q1a724ba6,d1a724bd8
q1a721cc6,d1b3bf8a2
q1a715a0c,d1b3974ce
q1a7361e4,d1b362ab2
q1a740856,d1b391948
q1a72d648,d1b3bccba
q1a7117e0,d1a722202
q1a73e90c,d1b2f0e94
q1a7264e2,d1b2eb728
q1a725ed4,d1a725f60
q1a733160,d1a7331d8
q1a720a1a,d1b3a0c72
q1a729322,d1a72949e
q1a71f67e,d1b30b5d2
q1a71fdb8,d1b2f1524
q1a72c9e6,d1b372c46
q1a724e26,d1b384482
q1a720740,d1a72083a
q1a72efd4,d1b3aa24a
q1a741e0e,d1a741ec2
q1a7121fe,d1b336c6e
q1a72ec28,d1b3780ba
q1a73bee6,d1b36fe9c
q1a737670,d1b398126
q1a740bee,d1b3be628
q1a714c4c,d1b321094
q1a73db7e,d1b356de8
q1a72b65e,d1b3c874a
q1a71f25a,d1a71f2f0
q1a717168,d1a71726c
q1a73b216,d1b369c7c
q1a722112,d1b345d9a
q1a73af96,d1b33207e
q1a71ba4c,d1a71bb78
q1a73c6ca,d1a73c7c4
q1a72964c,d1a7296ba
q1a71bf92,d1a71c082
q1a736e14,d1b3b3c00
q1a735258,d1b30f754
q1a713ac2,d1b392abe
q1a715200,d1b360794
q1a719314,d1a719490
q1a723314,d1a7233f0
q1a73c1a2,d1b2e63f4
q1a73f424,d1a73f564
q1a7173b6,d1a7174c4
q1a731c0c,d1b37336c
q1a7207c2,d1a72083a
q1a72e75a,d1a72e818
q1a716f1a,d1b38f58a
q1a71983c,d1b33b534
q1a71a1ce,d1b385396
q1a740b9e,d1b3a9a7a
q1a727d4c,d1a727e1e
q1a719634,d1a719738
q1a74168e,d1b31aa78
q1a71d22a,d1b343144
q1a71712c,d1b326814
q1a726776,d1b3453e0
q1a714ee0,d1b35da30
q1a729066,d1b349094
q1a72dad0,d1b3af434
q1a72a524,d1b34e29c
q1a713338,d1a713428
q1a71f930,d1b34e4e0
q1a73f9b0,d1b3a781a
q1a71b542,d1b377e58
q1a714986,d1b32b31e
q1a714706,d1b3471ea
q1a72810c,d1b3c8362
q1a71f200,d1a71f2f0
q1a712460,d1a712532
q1a725916,d1b35728e
q1a73e5ce,d1b39417a
q1a71eb98,d1b34d270
q1a73b6c6,d1b359e3a
q1a71b812,d1a71e1e8
q1a729d90,d1b302856
q1a73556e,d1b3bccba
q1a73f014,d1b3c874a
q1a718068,d1b3bf28a
q1a722c2a,d1b3879b6
q1a726fa0,d1b32e28a
q1a71b7e0,d1b3be628
q1a73d106,d1a73d19c
q1a73ed12,d1b305416
q1a72ac9a,d1a72ad94
q1a739768,d1a739b32
q1a7221c6,d1b3c3fe2
q1a725538,d1a7255f6
q1a725c5e,d1a725d26
q1a72a4f2,d1a72a5d8
q1a7130a4,d1a7131e4
q1a727702,d1a727810
q1a71f4f8,d1a71a4e4
q1a731c34,d1b36a1e0
q1a71a142,d1a71a278
q1a732634,d1b34befc
q1a72aa60,d1a72aac4
q1a73f19a,d1a73f2c6
q1a72feac,d1a72ff9c
q1a71aae8,d1a71ac1e
q1a7236fc,d1b3604d8
q1a73fba4,d1b363192
q1a712adc,d1b3c769c
q1a730f64,d1a7310a4
q1a72b38e,d1a72b474
q1a7329ea,d1b36a2ee
q1a7113c6,d1a711510
q1a71bdd0,d1b3aeb92
q1a725ea2,d1b3c4d8e
q1a7261ae,d1b34adcc
q1a71a61a,d1b351a3c
q1a72179e,d1a7218e8
q1a7319d2,d1a731a4a
q1a73f76c,d1b3c1bb6
q1a717438,d1b343e64
q1a7182f2,d1a7183ce
q1a73fbd6,d1b344ce2
q1a72e11a,d1a72e1ec
q1a729d36,d1a729e44
q1a733c00,d1b3182b4
q1a736c2a,d1b347618
q1a71719a,d1a71726c
q1a730370,d1a7303b6
q1a717adc,d1b362ab2
q1a73a744,d1a73a852
q1a719d14,d1b342b5e
q1a74037e,d1b3a3288
q1a71bfba,d1a71c082
q1a71336a,d1b335206
q1a73aa46,d1b3974ce
q1a71580e,d1b3b7382
q1a714bb6,d1a714cd8
q1a72d094,d1b3345c2
q1a7323aa,d1a7324d6
q1a72ea5c,d1b3780ba
q1a7178fc,d1b3aeca0
q1a7193a0,d1b336fb6
q1a73b9a0,d1a73ba68
q1a73efec,d1b3a9052
q1a71fbe2,d1b3862b4
q1a73623e,d1b2ee34c
q1a72a2d6,d1b36c3be
q1a71fe80,d1a71febc
q1a71fe44,d1b2f1524
q1a71ae6c,d1a71aebc
q1a72a47a,d1a72a5d8
q1a72f830,d1b3a0baa
q1a73260c,d1a7326f2
q1a72d382,d1a732a94
q1a72a57e,d1b3c1bb6
q1a72ca68,d1b3aaa1a
q1a72cc48,d1b36a1e0
q1a724b74,d1a724bd8
q1a719922,d1b34bd44
q1a729a52,d1a729b42
q1a71fbba,d1b387d08
q1a72dbb6,d1b2f7e88
q1a734d26,d1b373862
q1a741aee,d1a741bd4
q1a71d996,d1b36136a
q1a73578a,d1b339a5e
q1a714954,d1b3229ee
q1a711f10,d1a711fd8
q1a73f456,d1b382998
q1a7209e8,d1b3a0c72
q1a71b1c8,d1b2e9e46
q1a71e3aa,d1b32002c
q1a72859e,d1a7285e4
q1a73ac3a,d1a73ad20
q1a72aa2e,d1a72aac4
q1a7260be,d1a7261ea
q1a718946,d1a718a36
q1a73d8ae,d1a73d944
q1a740e28,d1b3471ea
q1a737fc6,d1b337c7c
q1a714c9c,d1b3b96f0
q1a740dce,d1b38ffda
q1a728fb2,d1a7290b6
q1a731be4,d1b358efe
q1a71dc0c,d1a71dd10
q1a741ddc,d1a741ec2
q1a72ff06,d1a736f40
q1a71cf46,d1b35141a
q1a725e7a,d1b38464e
q1a719eae,d1b3575f4
q1a71bb00,d1a71bb78
q1a72182a,d1b304b42
q1a7298ae,d1a72991c
q1a72467e,d1b3b23be
q1a733bd8,d1a733cf0
q1a7140b2,d1a719738
q1a739d6c,d1a7270c2
q1a72ca40,d1b3aaa1a
q1a711b3c,d1b362ab2
q1a72db34,d1a72dc10
q1a72d120,d1b3aad30
q1a72d148,d1a736f40
q1a714eae,d1a714f9e
q1a73436c,d1b2f4cb0
q1a73d340,d1a73d426
q1a7336a6,d1b34e3dc
q1a72d5bc,d1b3bccba
q1a726122,d1a73ca80
q1a716b64,d1a7310a4
q1a71debe,d1b31c378
q1a72e0b6,d1a72e1ec
q1a71eef4,d1a71f084
q1a719076,d1a719184
q1a73f28a,d1a73f2c6
q1a7280da,d1b3b4ac4
q1a7144d6,d1b38d4ec
q1a71a4a8,d1a71a4e4
q1a71b1fa,d1b2f2c94
q1a7319fa,d1b39dacc
q1a72a9de,d1a72aac4
q1a72f808,d1b307fae
q1a71ce6a,d1b386822
q1a735190,d1b3309ea
q1a736c52,d1b347618
q1a73b93c,d1a73ba68
q1a7267d0,d1a726870
q1a72b8f2,d1a72ba82
q1a717b40,d1b350d80
q1a71177c,d1b34d356
q1a71def0,d1b31c378
q1a739dc6,d1b301ca8
q1a724d40,d1a724e76
q1a727360,d1a72740a
q1a7160ec,d1b3bf118
q1a72ce50,d1a71bb78
q1a732c92,d1a732ce2
q1a7175dc,d1b3c6cec
q1a741d82,d1b3947f6
q1a715232,d1b3bff82
q1a71eb66,d1b34d270
q1a72443a,d1a7244a8
q1a73db4c,d1b358530
q1a72bbcc,d1b311c48
q1a7204de,d1b3a8756
q1a71a228,d1b33a3fa
q1a740356,d1a740464
q1a7418d2,d1a7419cc
q1a722982,d1b3c4d8e
q1a73375a,d1a7337aa
q1a731068,d1a7310a4
q1a722e96,d1b3b14a0
q1a73a9f6,d1b347e60
q1a7305b4,d1b3034b8
q1a7202ae,d1a736f40
q1a720222,d1a72031c
q1a7403d8,d1a740464
q1a71cf1e,d1b323c72
q1a71bf56,d1a71c082
q1a723de6,d1b36fa96
q1a72f01a,d1a72f100
q1a73120c,d1a731306
q1a7245f2,d1b373e48
q1a726ca8,d1b3b4f4c
q1a71e698,d1b3aad30
q1a73051e,d1b384572
q1a7330ac,d1b364d08
q1a73f6ea,d1a73f79e
q1a734cc2,d1b35cd42
q1a72fb32,d1b3af812
q1a725c04,d1a725d26
q1a730b7c,d1b2e7a06
q1a7314b4,d1b33a3fa
q1a730bd6,d1b33f3be
q1a712230,d1b34e18e
q1a728b02,d1b3441a2
q1a738ed0,d1b389a04
q1a73e31c,d1b355ee8
q1a72c662,d1b36cd96
q1a71e0da,d1b2ff73c
q1a738930,d1b2ee34c
q1a7149b8,d1b36f0dc
q1a72de72,d1b39bccc
q1a724188,d1a724228
q1a72e174,d1b3bdcf0
q1a71e378,d1b32002c
q1a713162,d1b396d94
q1a740e50,d1b38ffda
q1a734a88,d1b3b23be
q1a73df0c,d1b32c020
q1a7373be,d1b32002c
q1a731662,d1b3506a0
q1a71ebca,d1a71aebc
q1a72b924,d1b3b65b8
q1a728daa,d1a728e36
q1a71f1ce,d1a71f2f0
q1a74117a,d1a7411b6
q1a73c148,d1b2ffca0
q1a73df66,d1b3a1550
q1a72372e,d1b3af812
q1a717bf4,d1b38706a
q1a732bac,d1a732ce2
q1a731b58,d1a731c70
q1a72c716,d1b377e58
q1a71d19e,d1b3bcbf2
q1a741328,d1b3a2bc6
q1a7173e8,d1b31a1cc
q1a721582,d1b369c7c
q1a720d3a,d1b3bf6e0
q1a738444,d1b3164f0
q1a725c86,d1a725d26
q1a741b7a,d1b35f9d4
q1a726744,d1a726870
q1a72f25e,d1a72f362
q1a72489a,d1a7249da
q1a73f956,d1b326d46
q1a72bece,d1b38cee8
q1a73d908,d1b300c2c
q1a71a476,d1a71a4e4
q1a733994,d1a733a98
q1a735b22,d1b30716c
q1a71d25c,d1b34e4e0
q1a71b1a0,d1b2e9e46
q1a72a54c,d1b3b00fa
q1a7160b0,d1b3c6bc0
q1a728864,d1a7289ae
q1a71686c,d1b327d22
q1a716894,d1b327d22
q1a721a8c,d1b324bcc
q1a728fe4,d1b3791b8
q1a732a12,d1a732a94
q1a738ba6,d1a7310a4
q1a724dcc,d1b36fa96
q1a7408ba,d1b391948
q1a72d670,d1a72d756
q1a7189d2,d1b3b8660
q1a727a4a,d1b389496
q1a73e650,d1a72d184
q1a724dfe,d1b33959a
q1a73bc02,d1b375a7c
q1a712172,d1a7122a8
q1a731f40,d1a731ff4
q1a717b72,d1b3bacc6
q1a728832,d1a7289ae
q1a741954,d1a7419cc
q1a7366da,d1b3862b4
q1a720d12,d1b332740
q1a71a5e8,d1b366658
q1a71e346,d1b359f5c
q1a71cc30,d1a71cca8
q1a717988,d1a7179c4
q1a71e9e0,d1a71ea1c
q1a736266,d1a7362fc
q1a736b6c,d1b362ab2
q1a73dbb0,d1b3aaa1a
q1a71d766,d1b33959a
q1a722b6c,d1a722c66
q1a72b3c0,d1a72b474
q1a72b1f4,d1b387d08
q1a7255c4,d1a7255f6
q1a73190a,d1a727e1e
q1a71d4a0,d1a71d5a4
q1a72accc,d1b384bc6
q1a72e2fa,d1b2fcb7c
q1a71746a,d1b38d8b6
q1a73550a,d1b351974
q1a7391aa,d1a73920e
q1a73df34,d1b31b73e
q1a711e7a,d1a711fd8
q1a734812,d1b3a0f92
q1a738692,d1b36c06c
q1a737c6a,d1a737d96
q1a737d50,d1b3c1bb6
q1a71cc58,d1a71cca8
q1a71d798,d1a71d82e
q1a74197c,d1a7419cc
q1a71762c,d1b38fa3a
q1a720420,d1b3a8756
q1a71f480,d1b3b23be
q1a73c986,d1b3630ca
q1a73d084,d1b3a52c2
q1a7405e0,d1a74070c
q1a720a42,d1b3a0c72
q1a727306,d1a72740a
q1a72c694,d1b30812a
q1a737efe,d1b322fb6
q1a72a9ac,d1a72aac4
q1a727d7e,d1b34bfec
q1a716b96,d1b377e58
q1a72de9a,d1b3b4ac4
q1a714530,d1b35b7bc
q1a71f8d6,d1b38706a
q1a71cba4,d1a71cca8
q1a712d7a,d1a712ec4
q1a734fa6,d1a735078
q1a71a1f6,d1b39690c
q1a736932,d1b3a8bde
q1a7279b4,d1a727b8a
q1a7379f4,d1b3b20f8
q1a72b5dc,d1a72b690
q1a73058c,d1b330422
q1a72c05e,d1b2efec2
q1a739d12,d1b307b12
q1a729ffc,d1a72a0ce
q1a717956,d1b3aeca0
q1a7323dc,d1a7324d6
q1a725e48,d1b3061a4
q1a71de96,d1a71df22
q1a7146ac,d1b3471ea
q1a727338,d1a72740a
q1a730924,d1a7309a6
q1a712a14,d1a712ba4
q1a7258ee,d1a725a2e
q1a717bcc,d1b2e585a
q1a72f736,d1b30edb8
q1a73d8d6,d1b3b4c2c
q1a7215dc,d1b38464e
q1a7137b6,d1b380a62
q1a726fc8,d1b3669c8
q1a73f6b8,d1b37796c
q1a722b9e,d1a722c66
q1a7157e6,d1b2f3a5e
q1a7386ec,d1b3a2bc6
q1a737fee,d1a738034
q1a729354,d1a72949e
q1a732198,d1b38af94
q1a728be8,d1b3c3fe2
q1a73e600,d1b366568
q1a71415c,d1a719738
q1a735f28,d1a736054
q1a738f2a,d1b3c4c80
q1a73a546,d1a73a62c
q1a72967e,d1a7296ba
q1a717b9a,d1b3950ac
q1a724ab6,d1a724bd8
q1a735f78,d1b304b42
q1a72a24a,d1b3b50be
q1a72c2ca,d1b38dd7a
q1a73c954,d1a73ca80
q1a73d886,d1a73d944
q1a73b374,d1a73ba68
q1a7406bc,d1a74070c
q1a72b60e,d1b3c874a
q1a72ce82,d1b307c48
q1a73ef92,d1a73f046
q1a71f9bc,d1b3301a2
q1a711740,d1a7118d0
q1a724160,d1a724228
q1a721230,d1b33b3e0
q1a721c9e,d1a721d34
q1a737f30,d1b362ab2
q1a735af0,d1a735c44
q1a738f02,d1b3c4c80
q1a71f232,d1b307068
q1a71ba74,d1a71bb78
q1a72fad8,d1b33ff62
q1a7282d8,d1b361b12
q1a718914,d1a718a36
q1a71d9f0,d1b3c4d8e
q1a731978,d1b39dacc
q1a736ef0,d1a736f40
q1a732666,d1b327b92
q1a71efda,d1b397320
q1a73574e,d1a7174c4
q1a72af38,d1a711510
q1a736676,d1b343c66
q1a7333fe,d1b38b32c
q1a7347b8,d1b3c4d8e
q1a728b8e,d1b32e9b0
q1a7204b6,d1b3a8756
q1a7308f2,d1a7309a6
q1a73feba,d1b345f84
q1a729dea,d1b369e02
q1a72b636,d1b3c874a
q1a7401c6,d1a740248
q1a73292c,d1a732a94
q1a735226,d1a735294
q1a73d5e8,d1a73d6ec
q1a741922,d1a7419cc
q1a7403b0,d1a740464
q1a7370d0,d1b389496
q1a71909e,d1a719184
q1a72e714,d1a71d82e
q1a738f52,d1a716c9a
q1a71418e,d1a719738
q1a722e64,d1b369c7c
q1a719ce2,d1b319772
q1a71276c,d1b3a75ea
q1a7366a8,d1b343c66
q1a717d70,d1a717e60
q1a7345b0,d1b3aeb92
q1a73224c,d1b2e63f4
q1a72e7c8,d1a72e818
q1a729d68,d1a729e44
q1a73f47e,d1b3373e4
q1a713b26,d1a713c66
q1a73d6a6,d1a73d6ec
q1a740144,d1a740248
q1a73fe88,d1b345f84
q1a72a77c,d1b3a9b60
q1a734a56,d1b302856
q1a7344f2,d1b3aa24a
q1a73eb1e,d1a73ec0e
q1a731266,d1b2f32e8
q1a7124e2,d1a712532
q1a71f2b4,d1b33a3fa
q1a71a642,d1b33add2
q1a71ef80,d1b372840
q1a7355a0,d1b369c7c
q1a73cbf2,d1a73ccc4
q1a7302d0,d1a7303b6
q1a72a718,d1b3c1508
q1a72a272,d1b2eed56
q1a71bd76,d1b3b0bd6
q1a73ed76,d1b3bd98a
q1a7362c0,d1b3795dc
q1a726f64,d1a7270c2
q1a7282a6,d1a7283d2
q1a7171c2,d1b326814
q1a727b1c,d1a727b8a
q1a7401f8,d1b3a781a
q1a712aaa,d1b3b8da4
q1a738962,d1b358efe
q1a732c10,d1a732ce2
q1a716f74,d1b2ff9bc
q1a72afec,d1b33a1de
q1a7326c0,d1b327b92
q1a720510,d1a723f4e
q1a73fbfe,d1a73fcc6
q1a74016c,d1a740248
q1a71f908,d1b2f0c14
q1a71ec4c,d1b32a91e
q1a7284b8,d1b2e2632
q1a72d332,d1b3ad8aa
q1a72afc4,d1a71f7d2
q1a7390e2,d1a73920e
q1a728918,d1a7289ae
q1a737d28,d1b369c7c
q1a71e99a,d1a71ea1c
q1a71ffc0,d1a7200d8
q1a73f690,d1a73f79e
q1a71bfec,d1a71c082
q1a725038,d1a7250b0
q1a72fede,d1b31a91a
q1a739d9e,d1b3c5a04
q1a72fe84,d1b377e58
q1a715d90,d1b36eb0a
q1a722ebe,d1b3b14a0
q1a733962,d1b3b50be
q1a724da4,d1a724e76
q1a718978,d1b33a1de
q1a71cef6,d1b323c72
q1a72c6bc,d1b3991d4
q1a721884,d1a7218e8
q1a735a96,d1a735c44
q1a727392,d1a72740a
q1a738638,d1b3bd598
q1a735546,d1b32c854
q1a723b8e,d1b3af34e
q1a72fb8c,d1b369c7c
q1a72a7cc,d1a72a812
q1a72d5ee,d1a72d756
q1a733c82,d1b3182b4
q1a7212e4,d1b324ffa
q1a71f6e2,d1b3a9a7a
q1a72e14c,d1a72e1ec
q1a740694,d1a74070c
q1a7391d2,d1a73920e
q1a715d36,d1b3aa1a0
q1a72b442,d1a726af0
q1a724624,d1a72471e
q1a716bf0,d1b3b229c
q1a73a5a0,d1a73a62c
q1a72556a,d1a7255f6
q1a73439e,d1b3630ca
q1a733674,d1b3c5a04
q1a712e10,d1a73fcc6
q1a7264b0,d1b2eb728
q1a73dc0a,d1b318a5c
q1a73b9fa,d1b3a0c72
q1a73ef2e,d1a73f046
q1a7248cc,d1a7331d8
q1a726c4e,d1b2fbe34
q1a72c2fc,d1b2ebe26
q1a72e1b0,d1b3862b4
q1a736e3c,d1b34b240
q1a71828e,d1a7183ce
q1a73fc80,d1a73fcc6
q1a73a79e,d1b360a78
q1a7368b0,d1a7369d2
q1a72e354,d1b3be84e
q1a73dee4,d1b369c7c
q1a739790,d1a739b32
q1a733f84,d1a7340d8
q1a74063a,d1a74070c
q1a731f9a,d1a731ff4
q1a73b428,d1b3a2568
q1a7293ae,d1b3280ce
q1a7395f6,d1b3b7382
q1a71e972,d1a73f79e
q1a72b140,d1a72b258
q1a73866a,d1a72dc10
q1a71fb88,d1a71fc46
q1a73acee,d1a7285e4
q1a73f1c2,d1a73f2c6
q1a738386,d1b371dd2
q1a72830a,d1b33b3e0
q1a7295f2,d1b362ab2
q1a723698,d1b369c7c
q1a72291e,d1a722a18
q1a7229aa,d1b3c4d8e
q1a741b52,d1a741bd4
q1a733700,d1b3b4ac4
q1a721028,d1a7210fa
q1a711ede,d1a7183ce
q1a724d72,d1b3c0eaa
q1a721262,d1a72135c
q1a72c0c2,d1b35b7bc
q1a71bace,d1a71bb78
q1a73d160,d1b3a52c2
q1a73b18a,d1b39b222
q1a7277b6,d1a727810
q1a7321f2,d1b3604d8
q1a731234,d1a731306
q1a738be2,d1a7310a4
q1a72b19a,d1a72b258
q1a72394a,d1a723a30
q1a7254ca,d1a7255f6
q1a7379c2,d1b37fc52
q1a737cf6,d1a737d96
q1a73bbd0,d1b36177a
q1a741e36,d1b314a74
q1a72a2a4,d1b3604d8
q1a714a12,d1b3c1bb6
q1a714f08,d1b36bd92
q1a73cf12,d1b369c7c
q1a71fc14,d1a71fc46
q1a71fff2,d1a7200d8
q1a731716,d1b3a6942
q1a733426,d1b351cbc
q1a732e68,d1a732f9e
q1a732ec2,d1a732f9e
q1a7239f4,d1a726af0
q1a7393d0,d1a739434
q1a72af6a,d1b384572
q1a73e3a8,d1b369c7c
q1a7243b8,d1a7244a8
q1a71d70c,d1b3b82e6
q1a72399a,d1a723a30
q1a7161a0,d1b33d05a
q1a73deb2,d1b37762e
q1a7415da,d1a741756
q1a731f18,d1a731ff4
q1a715cc8,d1a715e30
q1a72c630,d1b37762e
q1a72ec6e,d1b391c4a
q1a73736e,d1a73744a
q1a73b702,d1b3304fe
q1a71a174,d1b382cea
q1a71b4b6,d1b3153de
q1a72a74a,d1b3b7da0
q1a72d8a0,d1a72d99a
q1a71bd44,d1a71be0c
q1a7186b2,d1b347492
q1a73a5c8,d1b34e18e
q1a7388ae,d1b368c82
q1a71c92e,d1a71ca46
q1a73b1e4,d1a73b248
q1a72d062,d1b2f0e94
q1a73d82c,d1b3b4c2c
q1a7397c2,d1a739b32
q1a71e10c,d1b371d0a
q1a731f72,d1a7218e8
q1a711b6e,d1b350e7a
q1a711f42,d1b338bcc
q1a713720,d1a7138d8
q1a7130e0,d1b3202c0
q1a729886,d1a72991c
q1a71412a,d1b32b094
q1a733106,d1a7331d8
q1a7413aa,d1b3c1bb6
q1a73ebc8,d1b39417a
q1a71c9e2,d1a71ca46
q1a740914,d1b364b50
q1a7254fc,d1a7255f6
q1a7276d0,d1a727810
q1a73f71c,d1b3a2fb8
q1a734588,d1b34baf6
q1a71e3dc,d1a7376e8
q1a72268a,d1a7227c0
q1a72e796,d1b3967cc
q1a71ce9c,d1a72ba82
q1a722720,d1a7253e4
q1a73edd0,d1a73ee34
q1a73aaaa,d1a72ccde
q1a738c0a,d1b2f0e94
q1a716966,d1b35ed0e
q1a71a8fe,d1b33a3fa
q1a73703a,d1a73715c
q1a727dd8,d1a727e1e
q1a7339c6,d1a733a98
q1a740432,d1b30812a
q1a73a03c,d1b387d08
q1a73d854,d1b3b4c2c
q1a718036,d1a718108
q1a72903e,d1b36de6c
q1a721a64,d1a721b22
q1a73dbd8,d1b318a5c
q1a71dc98,d1b36b180
q1a71fd86,d1a71febc
q1a733c32,d1a733cf0
q1a727b4e,d1a727b8a
q1a724412,d1a7244a8
q1a7190d0,d1b37bddc
q1a716bc8,d1b389a04
q1a7349fc,d1b3797e4
q1a729ab6,d1b3202c0
q1a72cbee,d1b3a863e
q1a727ae0,d1a726af0
q1a73cc24,d1a73ccc4
q1a72e3e0,d1b3aefe8
q1a723ea4,d1b3abcb2
q1a723152,d1a7376e8
q1a71d7f2,d1a71d82e
q1a7415a8,d1a741756
q1a724fac,d1b39c5b4
q1a716114,d1b3554b6
q1a7288f0,d1a7289ae
q1a735032,d1b3c874a
q1a73ff6e,d1a73ffe6
q1a72f2c2,d1a732ce2
q1a728d46,d1b32e136
q1a72098e,d1a720a88
q1a71447c,d1a71456c
q1a72801c,d1b31ad02
q1a711812,d1b3c4d8e
q1a72faa6,d1b3ae390
q1a740c20,d1b3c2d68
q1a73e5a6,d1a73e6aa
q1a71631c,d1b3aa24a
q1a740b3a,d1b39b09c
q1a724fde,d1b361a04
q1a737f94,d1b3b8660
q1a71d7ca,d1b334c52
q1a7232ec,d1b375108
q1a739178,d1a73920e
q1a728b34,d1b3b0712
q1a72bc58,d1a7218e8
q1a733c5a,d1b3ad8aa
q1a73934e,d1a739434
q1a711272,d1b38e658
q1a71e404,d1b359f5c
q1a723350,d1b35b096
q1a7393f8,d1a739434
q1a72f222,d1b35377e
q1a72aa06,d1a72aac4
q1a7149e0,d1b33959a
q1a73ac6c,d1b3aa1a0
q1a73c77e,d1a73c7c4
q1a711c04,d1b315bcc
q1a741378,d1a7413dc
q1a72ca0e,d1b3b6d7e
q1a720cb8,d1b332740
q1a717384,d1a7174c4
q1a732440,d1a7324d6
q1a73a578,d1a73a62c
q1a73bc5c,d1b33e310
q1a720ce0,d1b3bf6e0
q1a720254,d1b3a6e42
q1a7178a2,d1a7179c4
q1a735000,d1b336fb6
q1a722e3c,d1a722f4a
q1a722bd0,d1a722c66
q1a719896,d1b382c04
q1a713392,d1b33d4b0
q1a7364fa,d1b37743a
q1a71a89a,d1a71a9bc
q1a719012,d1b38c9f2
q1a737076,d1a73715c
q1a716628,d1a7166dc
q1a72c3a6,d1a72c40a
q1a72be1a,d1b38cee8
q1a71bd12,d1b342d3e
q1a723094,d1a7231d4
q1a731bb2,d1b393784
q1a723be8,d1b3ae62e
q1a72b172,d1a72b258
q1a71c960,d1b369c7c
q1a73a5fa,d1a73a62c
q1a72cbbc,d1b3182b4
q1a73bc8e,d1b374154
q1a7342ae,d1a734402
q1a74093c,d1b3950ac
q1a73f744,d1b33959a
q1a71e602,d1a71e79c
q1a7228ec,d1b36b5ae
q1a71598a,d1b392abe
q1a7178d4,d1b3441a2
q1a719be8,d1b30ab0a
q1a7279e6,d1a727b8a
q1a72d8fa,d1b3b362e
q1a72be42,d1b360230
q1a71f70a,d1b3aad30
q1a72702c,d1a7270c2
q1a740892,d1b398b80
q1a725cb8,d1a725d26
q1a73295e,d1a71f7d2
q1a73cbca,d1a73ccc4
q1a7233aa,d1a741bd4
q1a723e18,d1b3abcb2
q1a73e2c2,d1a73e402
q1a72a056,d1a72a0ce
q1a72db8e,d1b302a9a
q1a73b3ce,d1b34e18e
q1a723b34,d1b375874
q1a7176ea,d1a7177a8
q1a741ac6,d1a741bd4
q1a7258bc,d1b3682d2
q1a722496,d1b3c5a04
q1a739ace,d1b35bf96
q1a737698,d1b37543c
q1a713bd0,d1b332632
q1a726cda,d1a71d82e
q1a729f98,d1b33f95e
q1a717b0e,d1a717c44
q1a73eaec,d1b39417a
q1a73b734,d1b37336c
q1a72b956,d1a72ba82
q1a72e32c,d1b3946fc
q1a739f60,d1b3b96f0
q1a71e6e8,d1a72d184
q1a736e6e,d1a736f40
q1a73483a,d1b3c4d8e
q1a71d964,d1a71da5e
q1a71a674,d1b368c82
q1a7121d6,d1b2e373a
q1a713edc,d1b3bdaa2
q1a7124ba,d1a712532
q1a72ad30,d1a72ad94
q1a73ef60,d1a73f046
q1a71fb60,d1b39616e
q1a734f74,d1a7331d8
q1a72d3b4,d1a732a94
q1a7284ea,d1b3a59ca
q1a73be82,d1a7334da
q1a716c22,d1b2fbc2c
q1a73ed44,d1b3b2576
q1a712258,d1b34e18e
q1a735faa,d1a734402
q1a729fd4,d1a72a0ce
q1a741094,d1a7411b6
q1a7388d6,d1a73899e
q1a717410,d1b3af434
q1a72c324,d1b38878a
q1a737cce,d1a737d96
q1a7154d0,d1b3238b2
q1a7347e0,d1b391a42
q1a71837e,d1a7183ce
q1a722144,d1b386b1a
q1a71656a,d1a7166dc
q1a724b4c,d1b37aaf4
q1a713e28,d1b2e373a
q1a73df8e,d1b32c020
q1a72b5aa,d1a72b690
q1a72af9c,d1a72b046
q1a726a28,d1a726af0
q1a7393a8,d1a739434
q1a72cc16,d1a72ccde
q1a713108,d1a7131e4
q1a72070e,d1a72083a
q1a714be8,d1b329dc0
q1a71b10a,d1b38cee8
q1a7163e4,d1a716452
q1a73d64c,d1a73d6ec
q1a726a82,d1a726af0
q1a723ef4,d1a723f4e
q1a72e0f2,d1b3a7c2a
q1a725010,d1b30ec14
q1a71d504,d1a740f04
q1a7325da,d1a7326f2
q1a723382,d1b3858e6
q1a7351c2,d1a735294
q1a7336d8,d1a7337aa
q1a719c4c,d1a719d6e
q1a725290,d1a7253e4
q1a7140ee,d1a719738
q1a7186da,d1b2f91d4
q1a73030c,d1a7303b6
q1a741148,d1a7411b6
q1a722dd8,d1b357d56
q1a711eac,d1a711fd8
q1a73c698,d1b39dacc
q1a72db02,d1b3bd598
q1a721a28,d1a721b22
q1a73b342,d1a731c70
q1a7251fa,d1b362ab2
q1a71fe1c,d1b3597d2
q1a739ce0,d1b378b82
q1a717686,d1a7177a8
q1a73ff14,d1b32921c
q1a713752,d1b380a62
q1a726c80,d1b3b4f4c
q1a73730a,d1b3573f6
q1a71e0b2,d1a7340d8
q1a732990,d1a732a94
q1a726532,d1b3bf28a
q1a719044,d1b34b02e
q1a7196e8,d1a719738
q1a7383b8,d1b3177b0
q1a726ffa,d1a7270c2
q1a71dbda,d1b369c7c
q1a7272ac,d1b39f4bc
q1a736964,d1b3a6672
q1a723bb6,d1b323b32
q1a72f04c,d1b369c7c
q1a7193d2,d1b324d98
q1a712dde,d1a712ec4
q1a719f44,d1a71a016
q1a736bd0,d1b347618
q1a72c982,d1b2f345a
q1a73bf36,d1b34f5a2
q1a73fc58,d1a73fcc6
q1a732bde,d1b34f8f4
q1a7260f0,d1a7261ea
q1a73670c,d1b3862b4
q1a7339ee,d1a733a98
q1a7133ec,d1b32d4b6
q1a712a50,d1b3b8da4
q1a71f44e,d1a71f534
q1a73c9e0,d1b3630ca
q1a7180c2,d1b3c1bb6
q1a724b1a,d1b32401e
q1a7314dc,d1b3a6596
q1a724656,d1b3967cc
q1a728e04,d1a728e36
q1a728d14,d1b3a197e
q1a727d1a,d1b34bfec
q1a73acbc,d1b39034a
q1a73055a,d1b37796c
q1a72d864,d1b3bb81a
q1a73e8da,d1b3c11c0
q1a7288be,d1b332c22
q1a71ad72,d1a71aebc
q1a7301c2,d1a7303b6
q1a71b862,d1b37a252
q1a71e666,d1b3595ac
q1a72f290,d1a72f362
q1a73aa78,d1a72ccde
q1a71f41c,d1b327b92
q1a73a2a8,d1b3affd8
q1a737f62,d1b3780ba
q1a72647e,d1b31b73e
q1a712712,d1a7127d0
q1a72d2ce,d1a72d3f0
q1a733728,d1b33db86
q1a740e00,d1a740f04
q1a73af6e,d1b392e92
q1a723666,d1b35a416
q1a73268e,d1b3c1bb6
q1a73641e,d1b34dca2
q1a733fb6,d1a7340d8
q1a72597a,d1b3134f8
q1a730bae,d1a730c3a
q1a732e9a,d1b3ad8aa
q1a721000,d1b347866
q1a72240a,d1b33a76a
q1a711c36,d1b37b97c
q1a73d3ea,d1b321094
